Ville,Évènements,Date,Victimes,Capture,Comment
Odesa,Bombardement,"23,04,2022",18,,
Mariupol,Combats,"23,04,2022",,,
Kharkiv,Artillerie russe,"23,04,2022",2,,
Oleksandrivka,combats,"23,04,2022",,,
Chornobayivka,Artillerie Ukrainienne,"23,04,2022",3,,
Lyman,Artillerie russe,"23,04,2022",,,
Popasna,Artillerie russe,"23,04,2022",,,
Avdiyivka,Artillerie russe,"23,04,2022",,,
Petrivs'ke,combats,"23,04,2022",,,
Zolote,Artillerie russe,"23,04,2022",6,,
Yats'kivka ,combats,"23,04,2022",,,
Zarichne,combats,"23,04,2022",,,
Derhachi,Artillerie russe,"23,04,2022",3,,
Sen’kivka,Artillerie russe,"23,04,2022",0,,
Prudyanka,combats,"23,04,2022",,Ukraine,
Mariupol,Artillerie russe,"23,04,2022",,,
Odesa,Bombardement,"23,04,2022",,,
Hurlivka,Artillerie russe,"23,04,2022",,,
Vynohradne,Fosse commune,"23,04,2022",,,
Zelenyi Hai,Combats,"23,04,2022",,,
Barvinok,Combats,"23,04,2022",,Ukraine,
Kyselivka,Combats,"23,04,2022",,Ukraine,
Velikaya Novoselka,Combats,"23,04,2022",,Russie,
Korotychi,Artillerie russe,"23,04,2022",,,
Kurulka,Artillerie russe,"23,04,2022",,,
Husarivka,Artillerie russe,"23,04,2022",,,
Barvinkove,Combats,"23,04,2022",,,
Popasna,Combats,"23,04,2022",,,
Rubizhne,Combats,"23,04,2022",,,
Marinka,Artillerie russe,"23,04,2022",,,
Malynivka,Aéronef abattu,"21,04,2022",,,
Atynske,Artillerie russe,"23,04,2022",,,
Pavlohrad,Bombardement,"23,04,2022",,,
Posad-Pokrovs'ke,Artillerie Ukrainienne,"23,04,2022",,,
Avdiyivka,Artillerie russe,"24,04,2022",,,
Mariupol,Artillerie russe,"24,04,2022",,,
Novosibirsk,Dissidence,"23,04,2022",,,
Mariupol,Combats,"24,04,2022",,,
Ocheretyne,Artillerie russe,"24,04,2022",2,,
Popasna,Combats,"24,04,2022",,,
Chuhuiv,Artillerie russe,"24,04,2022",,,
Kalynove,Artillerie russe,"24,04,2022",1,,
Borivske,Combats,"24,04,2022",,,
Zarichne,Combats,"24,04,2022",,Russie,
Yampil,Combats,"24,04,2022",,,
Gomel,Mouvement de troupes,"24,04,2022",,,
Rubizhne,Combats,"24,04,2022",,Ukraine,
Marinka,Combats,"24,04,2022",,Ukraine,
Pashovke,Combats,"24,04,2022",,Ukraine,
Dovgenke,Combats,"24,04,2022",,Ukraine,
Velyka Komyshuvakha,Combats,"24,04,2022",,Ukraine,
Yats'kivka ,Combats,"24,04,2022",,Ukraine,
Orikhove,Combats,"24,04,2022",,Ukraine,
Nyzhne,Combats,"24,04,2022",,Ukraine,
Novomykhailivka,Combats,"24,04,2022",,Ukraine,
Marinka,Combats,"24,04,2022",,Ukraine,
Vremivka,Combats,"24,04,2022",,Ukraine,
Molodets’ke,Mouvement de troupes,"24,04,2022",,Russie,
Kremenchuk,Bombardement,"24,04,2022",,,
Lozove,combats,"24,04,2022",,Russie,
Novotoshikivs’ke,Combats,"25,04,2022",,Russie,
Orikhove,Combats,"25,04,2022",,Russie,
Nyzhne,Combats,"25,04,2022",,Russie,
Kurulka,Combats,"25,04,2022",,Russie,
Koroviy Yar,Combats,"25,04,2022",,Ukraine,
Rubizhne,Combats,"25,04,2022",,Ukraine,
Mariupol,Combats,"25,04,2022",,,
Zhmerynka,Bombardement,"25,04,2022",,,
Kozyatyn,Bombardement,"25,04,2022",,,
Blahodatne,Combats,"25,04,2022",,Ukraine,
Kyselivka,Combats,"25,04,2022",,Ukraine,
Klapaya,Combats,"25,04,2022",,Ukraine,
Krasne,Bombardement,"25,04,2022",,,
Borovskoye,Aéronef abattu,"25,04,2022",,,
Kletnya,Incident,"25,04,2022",,,
Bryansk,Incident,"25,04,2022",,,
Balakliya,Aéronef abattu,"25,04,2022",,,
Vovchansk,Crime de guerre,"25,04,2022",,,
Yats'kivka ,Combats,"25,04,2022",,,
Zarichne,Combats,"25,04,2022",,,
kreminna,Mouvement de troupes,"25,04,2022",,,
Bryansk,Mouvement de troupes,"25,04,2022",,,
Stary Krym,Fosse commune,"25,04,2022",,,
Bilopillia,Artillerie russe,"25,04,2022",0,,
Simferopol,Mouvement de troupes,"25,04,2022",,,
Lyman,Artillerie russe,"25,04,2022",,,
Odesa,Bombardement,"25,04,2022",0,,
Kharkiv,Artillerie russe,"25,04,2022",4,,
Makiivka,Passage aérien,"25,04,2022",,,
Rostov,Passage aérien,"25,04,2022",,,
Dibrovne,Combats,"25,04,2022",,Russie,
Zavody,Combats,"26,04,2022",,Ukraine,
Popasna,Combats,"26,04,2022",,,
Rubizhne,Combats,"26,04,2022",,,
Avdiyivka,Combats,"26,04,2022",,,
Trudolyubivka,Combats,"26,04,2022",,,
Novomykhailivka,Combats,"26,04,2022",,,
Marinka,Combats,"26,04,2022",,,
Mariupol,Combats,"26,04,2022",,,
Snihuvira,Combats,"26,04,2022",,,
Krymky,Combats,"26,04,2022",,,
Dibrovne,Combats,"26,04,2022",,,
Spivakivka,Combats,"26,04,2022",,Russie,
Zarechnoye,Combats,"26,04,2022",,,
Novotoshikivs’ke,Combats,"26,04,2022",,,
Velyka Oleksandrivka,Artillerie Ukrainienne,"26,04,2022",,,
Novovorontsovka,Artillerie russe,"26,04,2022",,,
Makiivka,Artillerie russe,"26,04,2022",,,
Odesa,Passage aérien,"26,04,2022",,,
Shyroke,Combats,"26,04,2022",,Ukraine,
Lyubyne,Combats,"26,04,2022",,Ukraine,
Novopetrivka,Combats,"26,04,2022",,Ukraine,
Zhuravleka,Artillerie Ukrainienne,"26,04,2022",,,
Oleksandrivka,Combats,"26,04,2022",,Russie,
Mayak,Incident,"26,04,2022",,,
Pont de Zatoka,Bombardement,"26,04,2022",,,
Kozarovychi,Bombardement,"26,04,2022",,,
Mariupol,Bombardement,"26,04,2022",,,
Rybnitsa,Mouvement de troupes,"26,04,2022",,,
Staraya Nelidovka,Bombardement,"26,04,2022",,,
Irmino,Artillerie Ukrainienne,"25,04,2022",,,
Zelenodosk,Artillerie russe,"26,04,2022",,,
Maryanske,Artillerie russe,"26,04,2022",,,
Velyka Kostromka,Artillerie russe,"26,04,2022",,,
Poltava,Bombardement,"25,04,2022",,,
Voronezh,Aéronef abattu,"26,04,2022",,,
Tavriyskoye,Combats,"26,04,2022",,Ukraine,
Nova Zorya,Combats,"26,04,2022",,Ukraine,
Hulyaipole,Combats,"26,04,2022",,Ukraine,
Slobozhansky ,Mouvement de troupes,"26,04,2022",,Russie,
Velyka Komyshuvakha ,Combats,"26,04,2022",,,
Zavody,Combats,"26,04,2022",,Russie,
Izyum,Mouvement de troupes,"26,04,2022",,Russie,
Zarichne,Combats,"26,04,2022",,Russie,
Yampil,Combats,"26,04,2022",,,
Kyselivka,Crime de guerre,"26,04,2022",,,
Pont de Zatoka,Bombardement,"26,04,2022",,Ukraine,
Polohy,Combats,"26,04,2022",,Russie,Centre-sud
Fedorivka,Combats,"26,04,2022",,Ukraine,"Centre-sud, à confirmer pour la capture"
Mariupol,Combats,"26,04,2022",,Contesté,
Odesa,Bombardement,"26,04,2022",,Ukraine,
Kherson,Dissidence,"27,04,2022",,Russie,
Staromaiors'ke,Combats,"27,04,2022",,Contesté,Donestk
Cobasna,Bombardement,"27,04,2022",,Russie,moldavie
Kursk,Aéronef abattu,"27,04,2022",,Russie,
Zaporizhia,Bombardement,"27,04,2022",,Ukraine,
Belgorod,Dissidence,"27,04,2022",,Russie,
Kryvyi Rih,Bombardement,"27,04,2022",,Ukraine,
Barvinkove,Combats,"27,04,2022",,Ukraine,
Kupiansk,Mouvement de troupes,"27,04,2022",,Russie,
Donetsk,Passage aérien,"27,04,2022",,Russie,
Kamyana Mohyla,Mouvement de troupes,"27,04,2022",,Russie,"Archéo, défenses russes"
Kozinsky,Aéronef abattu,"27,04,2022",,Russie,Russie
Velyka Lepetykha,Crime de guerre,"27,04,2022",,Russie,Camp de filtration
Severodonetsk,Artillerie russe,"27,04,2022",1,Ukraine,
Orikhiv,Artillerie russe,"27,04,2022",,Ukraine,
Izyum,Mouvement de troupes,"27,04,2022",,Russie,
Tiraspol,Incident,"27,04,2022",,Russie,
Kharkiv,Artillerie russe,"27,04,2022",,Ukraine,
Derhachi,Artillerie russe,"27,04,2022",,Ukraine,
Prudyanka,Artillerie russe,"27,04,2022",,Ukraine,
Nova Dmytrivka,Combats,"27,04,2022",,Contesté,
Kurakhovo,Combats,"27,04,2022",,Ukraine,
Mariupol,Combats,"27,04,2022",,Contesté,
Levkivka,Mouvement de troupes,"27,04,2022",,Russie,
Yampil,Combats,"27,04,2022",,Contesté,
Marinka,Artillerie russe,"27,04,2022",,Ukraine,
Kutuzivka,Combats,"28,04,2022",,Ukraine,Kharkiv
Levkivka,Combats,"28,04,2022",,Russie,
Ivanivka,Combats,"28,04,2022",,Russie,
Shchaslyve,Combats,"28,04,2022",,Russie,
Tavriyskoye,Combats,"28,04,2022",,Russie,
Oleksandrivka,Combats,"28,04,2022",,Contesté,
Oleksandrivka,Artillerie russe,"28,04,2022",,Contesté,
Nova Zorya,Artillerie russe,"28,04,2022",,Ukraine,
Stanislav,Mouvement de troupes,"28,04,2022",,Russie,
Molodets’ke,Mouvement de troupes,"28,04,2022",,Russie,
Rubizhne,Combats,"28,04,2022",,Ukraine,
Popasna,Combats,"28,04,2022",,Ukraine,
Donetsk,Artillerie Ukrainienne,"28,04,2022",,Russie,
Vasylivka,Crime de guerre,"28,04,2022",,Russie,zaporizhia
Borivske,Artillerie russe,"28,04,2022",,Ukraine,
New York,Artillerie russe,"28,04,2022",,Ukraine,
Yats'kivka ,Combats,"28,04,2022",,Russie,
Krymky,Combats,"28,04,2022",,Russie,
Koroviy Yar,Combats,"28,04,2022",,Contesté,
Yampil,Combats,"28,04,2022",,Ukraine,
Saratov,Aéronef abattu,"28,04,2022",,Russie,Russie
Zavody,Combats,"28,04,2022",,Russie,
Velyka Komyshuvakha,Combats,"28,04,2022",,Contesté,
Zarichne,Combats,"28,04,2022",,Russie,
Nyzhne,Combats,"28,04,2022",,Ukraine,
Orikhove,Combats,"28,04,2022",,Ukraine,
Novotoshikivs’ke,Mouvement de troupes,"28,04,2022",,Russie,
Zolote,Combats,"28,04,2022",,Ukraine,
Dovgenke,Combats,"28,04,2022",,Contesté,
Nova Dmytrivka,Combats,"28,04,2022",,Contesté,
Virnopillya,Combats,"28,04,2022",,Contesté,
Kyselivka,Combats,"28,04,2022",,Contesté,
Nova Zorya,Combats,"28,04,2022",,Ukraine,
Baranovichi,Passage aérien,"28,04,2022",,Russie,biélorussie ?
Brazhkivka,Combats,"28,04,2022",,Ukraine,
Solodke,Combats,"28,04,2022",,Ukraine,
Novomykhailivka,Combats,"28,04,2022",,Ukraine,
Neskuchne,Combats,"28,04,2022",,Ukraine,
Vremivka,Combats,"28,04,2022",,Ukraine,
Yakimivka,Incident,"28,04,2022",,Russie,
Kyiv,Bombardement,"28,04,2022",,Ukraine,
Kirovsky,Artillerie Ukrainienne,"29,04,2022",,Russie,
Voronezh,Incident,"29,04,2022",,Russie,
Kozacha Lopan,Combats,"29,04,2022",,Russie,Kharkiv
Velyka Novosilka,Combats,"29,04,2022",,Ukraine,
Novopil,Combats,"29,04,2022",,Ukraine,
Ruska Lozova,Combats,"29,04,2022",,Ukraine,
Kutuzivka,Combats,"29,04,2022",,Ukraine,
Lisne,Mouvement de troupes,"29,04,2022",,Ukraine,
Fastov,Bombardement,"29,04,2022",,Ukraine,
Yehorivka,Artillerie Ukrainienne,"29,04,2022",,Ukraine,Donestk
Kutuzivka,Combats,"29,04,2022",,Ukraine,
Popasna,Combats,"29,04,2022",,Ukraine,
Rubizhne,Combats,"29,04,2022",,Contesté,
Kurakhovo,Mouvement de troupes,"29,04,2022",,Ukraine,
Orikhiv,Combats,"29,04,2022",,Ukraine,
Kyselivka,Incident,"29,04,2022",,Russie,
Brazhkivka,Combats,"29,04,2022",,Ukraine,
Dovgenke,Combats,"29,04,2022",,Ukraine,
Velyka Komyshuvakha,Combats,"29,04,2022",,Ukraine,
Zabavne,Bombardement,"29,04,2022",,Russie,PC russe
Nova Dmytrivka,Combats,"29,04,2022",,Ukraine,
Pashovke,Combats,"29,04,2022",,Ukraine,
Oskil,Combats,"30,04,2022",,Russie,
Yats'kivka ,Mouvement de troupes,"30,04,2022",,Russie,
Krymky,Mouvement de troupes,"30,04,2022",,Russie,
Koroviy Yar,Combats,"30,04,2022",,Ukraine,
Lyman,Combats,"30,04,2022",,Ukraine,
Yampil,Combats,"30,04,2022",,Ukraine,
Rubizhne,Combats,"30,04,2022",,Ukraine,
Momotove,Combats,"29,04,2022",,Ukraine,
Tamarovka,Incident,"01,05,2022",,Russie,Russie
Saratov,Mouvement de troupes,"30,04,2022",,Russie,
Stary Saltov,Combats,"01,05,2022",,Ukraine,Kharkiv
Lyman,Artillerie russe,"01,05,2022",,Ukraine,
Sudza,Incident,"01,05,2022",,Russie,"Rusie, pont ferroviaire"
Nova Zorya,Combats,"30,04,2022",,Ukraine,
Tavriyskoye,Combats,"30,04,2022",,Contesté,
Kyselivka,Combats,"30,04,2022",,Russie,
Snihuvira,Combats,"30,04,2022",,Russie,
Myrolubivka,Combats,"30,04,2022",,Russie,Kherson
Soldatske,Combats,"30,04,2022",,Ukraine,
Blahodatne,Combats,"30,04,2022",,Ukraine,
Oleksandrivka,Combats,"30,04,2022",,Ukraine,
Prelesne,Combats,"30,04,2022",,Ukraine,
Slobidske,Combats,"30,04,2022",,Ukraine,
Sorokivka,Combats,"30,04,2022",,Ukraine,
Verkhnya Rohanka,Combats,"30,04,2022",,Ukraine,
Dovgenke,Combats,"30,04,2022",,Ukraine,
Drobysheve,Mouvement de troupes,"30,04,2022",,Ukraine,
Lyman,Mouvement de troupes,"30,04,2022",,Ukraine,
Yampil,Mouvement de troupes,"30,04,2022",,Ukraine,
Novotoshikivs’ke,Mouvement de troupes,"30,04,2022",,Russie,
Orikhove,Combats,"30,04,2022",,Ukraine,
Kharkiv,Artillerie russe,"30,04,2022",,Ukraine,
Oskil,Combats,"01,05,2022",,Russie,
Velyka Novosilka,Mouvement de troupes,"01,05,2022",,Ukraine,
Marinka,Combats,"01,05,2022",,Ukraine,
Zelene Pole,Combats,"01,05,2022",,Ukraine,Donestk
Vremivka,Combats,"01,05,2024",,Ukraine,
Koroviy Yar,Combats,"01,05,2022",,Russie,
Rubizhne,Combats,"01,05,2022",,Ukraine,
Popasna,Combats,"01,05,2022",,Ukraine,
Yampil,Combats,"01,05,2022",,Ukraine,
Orikhiv,Combats,"01,05,2022",,Ukraine,
Hulyaipole,Combats,"01,05,2022",,Ukraine,
Kamyanske,Combats,"01,05,2022",,Ukraine,zaporizhia
Tver,Dissidence,"01,05,2022",,Russie,
île des serpents,Bombardement,"01,05,2022",,Russie,
île des serpents,Navire coulé,"02,05,2022",,Russie,
Marinka,Combats,"02,05,2022",,Ukraine,
Vremivka,Combats,"02,05,2022",,Ukraine,
Zelene Pole,Combats,"02,05,2022",,Ukraine,
Sulyhivka,Artillerie Ukrainienne,"02,05,2022",,Russie,
Odesa,Passage aérien,"02,05,2022",,Ukraine,
Odesa,Aéronef abattu,"02,05,2022",,Ukraine,
Tavriyskoye,Artillerie russe,"01,05,2022",,Ukraine,
Knyazivka,Artillerie russe,"01,05,2022",,Ukraine,Kherson
Trudolyubivka,Artillerie russe,"01,05,2022",,Ukraine,
Osokorivka,Artillerie russe,"01,05,2022",,Ukraine,Kherson
Hulyaipole,Artillerie Ukrainienne,"02,05,2022",,Ukraine,
Ruska Lozova,Combats,"02,05,2022",,Ukraine,
Ivanivka,Combats,"02,05,2022",,Ukraine,
Zahradivka,Combats,"02,05,2022",,Ukraine,
Lyman,Bombardement,"02,05,2022",,Ukraine,Donestk
Lyman,Combats,"02,05,2022",,Ukraine,
Ozerene,Combats,"02,05,2022",,Ukraine,proche lyman
Dibrova,Combats,"02,05,2022",,Ukraine,proche lyman
Yampil,Combats,"02,05,2022",,Contesté,
Stavky,Combats,"02,05,2022",,Ukraine,proche lyman
Kharkiv,Artillerie russe,"02,05,2022",,Ukraine,
Rubizhne,Combats,"02,05,2022",,Ukraine,
Popasna,Combats,"02,05,2022",,Ukraine,
Stary Saltov,Combats,"02,05,2022",,Contesté,
Mariupol,Artillerie russe,"02,05,2022",,Contesté,
Tokmak,Mouvement de troupes,"02,05,2022",,Russie,zaporizhia
Orikhiv,Artillerie russe,"02,05,2022",,Ukraine,
Mykolaïv,Artillerie russe,"02,05,2022",,Ukraine,
Moscou,Dissidence,"02,05,2022",,Russie,
Popasna,Bombardement,"02,05,2022",,Ukraine,
Boguchar,Mouvement de troupes,"02,05,2022",,Russie,
Kharkiv,Artillerie russe,"02,05,2022",,Ukraine,
Mariupol,Artillerie russe,"03,05,2022",,Contesté,
Mariupol,Combats,"03,05,2022",,Contesté,
Volnovakha,Artillerie russe,"03,05,2022",,Ukraine,
Pervomaysk,Fortification,"03,05,2022",,Ukraine,frontière transnistrie
Tver,Incident,"03,05,2022",,Russie,
Solomino,Fortification,"03,05,2022",,Russie,
Vuhledar,Artillerie russe,"03,05,2022",,Ukraine,Donestk
Melitopol,Incident,"03,05,2022",,Russie,
Prudyanka,Artillerie russe,"03,05,2022",,Ukraine,
Udy,Artillerie russe,"03,05,2022",,Ukraine,Kharkiv
Mayak,Incident,"03,05,2022",,Russie,
Perm,Incident,"02,05,2022",,Russie,Russie
Yampil,Combats,"03,05,2022",,Russie,
Stary Saltov,Combats,"03,05,2022",,Ukraine,
Pont de Zatoka,Bombardement,"02,05,2022",,Ukraine,
Lyman,Combats,"03,05,2022",,Ukraine,
Avdiyivka,Artillerie russe,"03,05,2022",,Ukraine,
Lviv,Bombardement,"03,05,2022",,Ukraine,
Molodova,Combats,"03,05,2022",,Ukraine,kharkiv
Severodonetsk,Combats,"03,05,2022",,Ukraine,
Popasna,Combats,"03,05,2022",,Ukraine,
Vesele,Artillerie Ukrainienne,"03,05,2022",,Russie,
Kirovske,Passage aérien,"04,05,2022",,Russie,Donetsk
Popasna,Combats,"04,05,2022",,Ukraine,
Orikhiv,Combats,"04,05,2022",,Ukraine,
Makiivka,Incident,"04,05,2022",,Russie,
Avdiyivka,Artillerie russe,"04,05,2022",,Ukraine,
Soledar,Artillerie russe,"04,05,2022",,Ukraine,Donestk
Kharkiv,Artillerie russe,"04,05,2022",,Ukraine,
Lyman,Combats,"04,05,2022",,Ukraine,
Yampil,Combats,"04,05,2022",,Contesté,
Ozerene,Artillerie russe,"04,05,2022",,Ukraine,
Kamyanske,Bombardement,"04,05,2022",,Ukraine,
Dnipro,Bombardement,"04,05,2022",,Ukraine,
Shandryholove,Combats,"04,05,2022",,Ukraine,
Dibrova,Combats,"04,05,2022",,Ukraine,
Stavky,Combats,"04,05,2022",,Ukraine,
Grushuvakha,Artillerie russe,"04,05,2022",,Ukraine,
Nova Dmytrivka,Artillerie russe,"04,05,2022",,Ukraine,
Kurulka,Artillerie russe,"04,05,2022",,Ukraine,
Velikaya Novoselka,Combats,"04,05,2022",,Ukraine,
Hulyaipole,Combats,"04,05,2022",,Ukraine,
Komishuvakha,Combats,"04,05,2022",,Ukraine,
Orichiv,Combats,"04,05,2022",,Ukraine,
Voevodivka,Combats,"04,05,2022",,Ukraine,
Severodonetsk,Bombardement,"04,05,2022",,Ukraine,
Kramatorsk,Bombardement,"04,05,2022",,Ukraine,
Mariupol,Bombardement,"04,05,2022",,Ukraine,
Gulyaipole,Bombardement,"04,05,2022",,Ukraine,
Novosilka,Combats,"04,05,2022",,Ukraine,
Novi Yurkovichi,Fortification,"04,05,2022",,Russie,Russie
Pohar,Fortification,"04,05,2022",,Russie,Russie
Lomakovka,Fortification,"04,05,2022",,Russie,Russie
Protopopivka,Artillerie russe,"04,05,2022",,Ukraine,kharkiv
Kutuzivka,Passage aérien,"04,05,2022",,,
Dovgenke,Combats,"04,05,2022",,Ukraine,
Tomyna Balka,Combats,"04,05,2022",,Ukraine,
Mariupol,Combats,"05,05,2022",,Contesté,
Stary Saltov,Combats,"05,05,2022",,Ukraine,
Kursk,Incident,"05,05,2022",,Russie,
Ruski Tyshky,Mouvement de troupes,"05,05,2022",,Abandonné,
Tomyna Balka,Combats,"05,05,2022",,Ukraine,
New York,Combats,"05,05,2022",,Ukraine,
Nyzhne,Combats,"05,05,2022",,Ukraine,
Studenok,Combats,"05,05,2022",,Ukraine,
Mykolaïv,Artillerie russe,"05,05,2022",,Ukraine,
Popasna,Combats,"05,05,2022",,Contesté,
Rubizhne,Combats,"05,05,2022",,Ukraine,
Nizhnevartovsk,Dissidence,"05,05,2022",,Russie,Russie
Kupiansk,Fortification,"05,05,2022",,Russie,
Lyman,Combats,"05,05,2022",,Ukraine,
Kharkiv,Artillerie russe,"05,05,2022",,Ukraine,
Avdiyivka,Artillerie russe,"05,05,2022",,Ukraine,
Kurakhovo,Artillerie russe,"05,05,2022",,Ukraine,
Melitopol,Incident,"05,05,2022",,Russie,
Lyman,Artillerie russe,"05,05,2022",,Ukraine,
Kharkiv,Artillerie russe,"05,05,2022",,Ukraine,
Rubizhne,Combats,"05,05,2022",,Contesté,
Vladikavkaz,Incident,"06,05,2022",,Russie,Russie
Bezymyannoye,Crime de guerre,"06,05,2022",,Russie,Russie
Voevodivka,Combats,"06,05,2022",,Russie,
Voronove,Combats,"06,05,2022",,Russie,Luhansk
Temirovka,Artillerie russe,"06,05,2022",,Ukraine,zaporizhia
Hulyaipole,Artillerie russe,"06,05,2022",,Ukraine,
Uspenivka,Artillerie russe,"06,05,2022",,Ukraine,zaporizhia
Rivnopillya,Artillerie russe,"06,05,2022",,Ukraine,zaporizhia
Kramatorsk,Incident,"06,05,2022",,Ukraine,
Mariupol,Combats,"06,05,2022",,Contesté,
Popasna,Combats,"06,05,2022",,Contesté,
Lyman,Artillerie russe,"06,05,2022",,Ukraine,
Severodonetsk,Artillerie russe,"06,05,2022",,Ukraine,
Avdiyevka Kurakhivja,Artillerie russe,"06,05,2022",,Ukraine,
Zaporizhia,Artillerie russe,"06,05,2022",,Ukraine,
Serhiivka,Passage aérien,"06,05,2022",,Ukraine,
Volodymyrivka,Passage aérien,"06,05,2022",,Ukraine,
Kamenskoye,Artillerie russe,"06,05,2022",,Ukraine,
Bezimenne,Crime de guerre,"06,05,2022",,Russie,
Shandryholove,Combats,"06,05,2022",,Russie,
Oleksandrivka D,Combats,"06,05,2022",,Ukraine,
Shestakove,Combats,"06,05,2022",,Ukraine,
Fedorivka,Combats,"06,05,2022",,Ukraine,
Peremoha,Combats,"06,05,2022",,Ukraine,
Ukrainika,Combats,"06,05,2022",,Ukraine,
Cherkasky Tyshky,Combats,"06,05,2022",,Contesté,
Kursk,Incident,"06,05,2022",,Russie,
Tsyrkuny,Mouvement de troupes,"06,05,2022",,Ukraine,
Rusky Tyshky,Mouvement de troupes,"06,05,2022",,Ukraine,
Buhruvatka,Artillerie Ukrainienne,"07,05,2022",,Russie,"Nord-est Kharkiv, sur la dontes"
Karlivka,Bombardement,"07,05,2022",,Ukraine,poltava
Skovorodynivka,Bombardement,"07,05,2022",,Ukraine,Kharkiv
Odesa,Bombardement,"06,05,2022",,Ukraine,
Odesa,Bombardement,"07,05,2022",,Ukraine,
Odesa,Aéronef abattu,"07,05,2022",,Ukraine,
Velyka Komyshuvakha,Combats,"07,05,2022",,Ukraine,
Korobochkyne,Artillerie russe,"07,05,2022",,Ukraine,Kharkiv
Kostyantynivka,Bombardement,"07,05,2022",,Ukraine,Donestk
Bakhmut,Bombardement,"07,05,2022",,Ukraine,Donestk
Kramatorsk,Bombardement,"07,05,2022",,Ukraine,
Schcherbaky,Combats,"06,05,2022",,Russie,front sud
Rubizhne,Combats,"07,05,2022",,Contesté,
Olhivka,Fortification,"07,05,2022",,Russie,Luhansk ?
Boguslavka,Fortification,"07,05,2022",,Russie,Luhansk ?
Serednje,Combats,"07,05,2022",,Russie,Donestk
Shandryholove,Combats,"07,05,2022",,Ukraine,Donestk
Novoselivka,Combats,"07,05,2022",,Ukraine,Donestk
Nyzhne,Combats,"07,05,2022",,Russie,
Toshkivka,Combats,"07,05,2022",,Contesté,
Tsyrkuny,Combats,"07,05,2022",,Ukraine,
Yasinovataya,Artillerie Ukrainienne,"07,05,2022",,Russie,
Vovchansk,Crime de guerre,"07,05,2022",,Russie,
Prudyanka,Artillerie russe,"07,05,2022",,Ukraine,
Slatyne,Artillerie russe,"07,05,2022",,Ukraine,
Mariupol,Combats,"07,05,2022",,Contesté,
Polohy,Combats,"07,05,2022",,Ukraine,
Poltavka,Combats,"07,05,2022",,Ukraine,zaporizhia
Burchak,Mouvement de troupes,"07,05,2022",,Inconnu,
île des serpents,Bombardement,"07,05,2022",,Russie,
Rossosh,Dissidence,"01,05,2022",,Russie,Russie
Popasna,Combats,"07,05,2022",,Russie,
Odesa,Bombardement,"07,05,2022",,Ukraine,
Mykolaïv,Bombardement,"07,05,2022",,Ukraine,
Bilohorivka,Bombardement,"07,05,2022",,Ukraine,Luhansk
île des serpents,Bombardement,"08,05,2022",,Russie,
Prudyanka,Artillerie russe,"08,05,2022",,Ukraine,
Slatyne,Artillerie russe,"08,05,2022",,Ukraine,
Tsyrkuny,Artillerie russe,"08,05,2022",,Ukraine,
Kozacha Lopan,Fortification,"08,05,2022",,Russie,
Izyum,Passage aérien,"08,05,2022",,Russie,
Kamyanka,Passage aérien,"08,05,2022",,Inconnu,
Lyman,Combats,"08,05,2022",,Ukraine,
Severodonetsk,Combats,"08,05,2022",,Ukraine,
Avdiyivka,Combats,"08,05,2022",,Ukraine,
Novomykhailivka,Artillerie russe,"08,05,2022",,Ukraine,
Shandryholove,Combats,"08,05,2022",,Contesté,
Chornobayivka,Mouvement de troupes,"08,05,2022",,Russie,
Perm,Incident,"08,05,2022",,Russie,
Nyzhne,Combats,"08,05,2022",,Contesté,
Lysychansk,Artillerie russe,"08,05,2022",,Ukraine,
Filativka,Mouvement de troupes,"08,05,2022",,Russie,Crimée
Zabavne,Artillerie Ukrainienne,"08,05,2022",,Russie,
Oleksandrivka D,Combats,"08,05,2022",,Contesté,
Shandryholove,Combats,"08,05,2022",,Ukraine,
Rubizhne,Combats,"08,05,2022",,Contesté,
Novoselivka,Combats,"08,05,2022",,Ukraine,
Orikhiv,Passage aérien,"08,05,2022",,,
Hulyaipole,Passage aérien,"08,05,2022",,,
Komishuvakha,Passage aérien,"08,05,2022",,,
Yasna Polyana,Passage aérien,"08,05,2022",,,
île des serpents,Navire coulé,"08,05,2022",,Abandonné,
Mariupol,Combats,"08,05,2022",,Contesté,
Heroyske,Crime de guerre,"08,05,2022",,Russie,
Hola Prystan,Crime de guerre,"08,05,2022",,Russie,
Kherson,Crime de guerre,"08,05,2022",,Russie,
Vesele,Artillerie Ukrainienne,"08,05,2022",,Russie,
Mariupol,Combats,"09,05,2022",,Contesté,
Voevodivka,Combats,"09,05,2022",,Ukraine,
Rubizhne,Combats,"09,05,2022",,Ukraine,
Bilohorivka,Combats,"09,05,2022",,Ukraine,
Serednje,Combats,"09,05,2022",,Russie,
Shandryholove,Combats,"09,05,2022",,Contesté,
Nyzhne,Combats,"09,05,2022",,Russie,
Toshkivka,Combats,"09,05,2022",,Ukraine,
Lyman,Artillerie russe,"09,05,2022",,Ukraine,
Odesa,Bombardement,"09,05,2022",,Ukraine,
Yampil,Artillerie Ukrainienne,"09,05,2022",,,
Vynohradne,Fosse commune,"09,05,2022",,Russie,
Velyka Komyshuvakha,Combats,"09,05,2022",,Russie,
Borshchova,Combats,"09,05,2022",,Ukraine,
Lyptsi,Combats,"09,05,2022",,Contesté,
Krymky,Artillerie Ukrainienne,"09,05,2022",,Russie,
Popasna,Passage aérien,"09,05,2022",,Russie,
Novoselivka,Combats,"09,05,2022",,,
Velykyi Burluk,Dissidence,"10,05,2022",,Russie,affiches de menace
Hrushuvakha,Fortification,"10,05,2022",,Ukraine,
Petrivs'ke,Fortification,"10,05,2022",,Ukraine,
Ruska Lozova,Incident,"10,05,2022",,,
Bairak,Combats,"09,05,2022",,Ukraine,Kharkiv
Zamulivka,Combats,"09,05,2022",,Ukraine,Kharkiv
Verkhnii Saltiv,Combats,"09,05,2022",,Ukraine,Kharkiv
Rubizhne K,Combats,"09,05,2022",,Ukraine,Kharkiv
Marinka,Combats,"10,05,2022",,Ukraine,
Mykolaïv,Artillerie russe,"10,05,2022",,Ukraine,
Sevastopol,Passage aérien,"10,05,2022",,Russie,
Karpovychi,Artillerie russe,"10,05,2022",,Ukraine,Chernihiv
Sentivka,Artillerie russe,"10,05,2022",,Ukraine,Chernihiv
Rubizhne,Combats,"10,05,2022",,Ukraine,
Kamyanka,Combats,"10,05,2022",,Ukraine,Donestk
Novomykhailivka,Combats,"10,05,2022",,Ukraine,Donestk
Mariupol,Combats,"10,05,2022",,Contesté,
Rusky Tyshky,Combats,"10,05,2022",,Ukraine,Kharkiv
Voevodivka,Combats,"10,05,2022",,Ukraine,
Pytomnyk,Combats,"10,05,2022",,Ukraine,
Kherson,Crime de guerre,"10,05,2022",,Russie,civil torturé
Bazaliivka,Artillerie russe,"10,05,2022",,Ukraine,
Lebyazhe,Artillerie russe,"10,05,2022",,Ukraine,
Korochkyne,Artillerie russe,"10,05,2022",,Ukraine,
Ruska Lozova,Combats,"08,05,2022",,Ukraine,
Donetsk,Artillerie Ukrainienne,"10,05,2022",,Russie,
Novomykhailivka,Incident,"11,05,2022",,,
Ternova,Combats,"10,05,2022",,Ukraine,
Kamyanka,Combats,"11,05,2022",,Contesté,
Avdiyivka,Artillerie russe,"11,05,2022",,Ukraine,
Rubizhne,Combats,"11,05,2022",,Ukraine,
Lyman,Combats,"11,05,2022",,Ukraine,
Severodonetsk,Combats,"11,05,2022",,Ukraine,
Avdiyevka Kurakhivja,Combats,"11,05,2022",,Ukraine,
Kurakhovo,Combats,"11,05,2022",,Ukraine,
Mariupol,Combats,"11,05,2022",,Contesté,
Bruskinske,Fortification,"11,05,2022",,Russie,
Velyka Oleksandrivka,Fortification,"11,05,2022",,Russie,
Bakhmut,Artillerie russe,"11,05,2022",,Ukraine,
Svitlodarsk,Combats,"11,05,2022",,Ukraine,
Troyitske,Combats,"11,05,2022",,Ukraine,
Bilohorivka,Combats,"12,05,2022",,Ukraine,
Rubizhne,Combats,"12,05,2022",,Russie,
Severodonetsk,Artillerie russe,"12,05,2022",,Ukraine,
Novhorod-siverskyi,Bombardement,"12,05,2022",,Ukraine,chernihiv
Shandryholove,Combats,"12,05,2022",,Russie,
Novoselivka,Combats,"12,05,2022",,Contesté,
Mykolaïv,Artillerie russe,"11,05,2022",,Ukraine,
Marinka,Combats,"12,05,2022",,Ukraine,
Novomykhailivka,Combats,"12,05,2022",,Ukraine,
Chernihiv,Bombardement,"12,05,2022",,Ukraine,
Teysin,Incident,"12,05,2022",,Russie,"Russie, amur"
Mariupol,Combats,"12,05,2022",,Contesté,
Novokalynove,Combats,"12,05,2022",,Ukraine,
Voevodivka,Combats,"12,05,2022",,Russie,
Voronove,Combats,"12,05,2022",,Inconnu,
Pytomnyk,Artillerie russe,"12,05,2022",,Ukraine,
Ruski Tyshky,Artillerie russe,"12,05,2022",,Ukraine,
Oleksandrivka,Combats,"12,05,2022",,Contesté,
Pervomaysk,Combats,"12,05,2022",,Ukraine,
Komishuvakha,Combats,"12,05,2022",,Ukraine,
Novobakhmutivka,Combats,"12,05,2022",,Inconnu,
Novokalynove,Combats,"12,05,2022",,Ukraine,
Nova Kakhovka,Mouvement de troupes,"12,05,2022",,Russie,
Mariupol,Combats,"13,05,2022",,Contesté,
Pryvillya,Combats,"13,05,2022",,Contesté,
Mykolaïv,Bombardement,"12,05,2022",,Ukraine,
Neskuchne,Combats,"13,05,2022",,Russie,
Vesele,Combats,"12,05,2022",,Russie,
Novoselivka,Combats,"13,05,2022",,Ukraine,
Drobysheve,Combats,"13,05,2022",,Ukraine,
Dibrova,Combats,"13,05,2022",,Ukraine,
Velyka Oleksandrivka,Artillerie Ukrainienne,"13,05,2022",,Russie,
Petrivka,Artillerie russe,"13,05,2022",,Ukraine,Kharkiv
Pytomnyk,Artillerie russe,"13,05,2022",,Ukraine,
Ruski Tyshky,Artillerie russe,"13,05,2022",,Ukraine,
Ternova,Artillerie russe,"13,05,2022",,Ukraine,
Bohorodychne,Combats,"13,05,2022",,Ukraine,
Nova Dmytrivka,Artillerie russe,"13,05,2022",,Ukraine,
Krasnopillya,Artillerie russe,"13,05,2022",,Ukraine,Donetsk
Dolyna,Bombardement,"13,05,2022",,Ukraine,Donetsk
Adamivka,Bombardement,"13,05,2022",,Ukraine,Donetsk
Novoselivka Druha,Combats,"13,05,2022",,Ukraine,Donetsk
Kamyanka,Combats,"13,05,2022",,Ukraine,
Marinka,Combats,"13,05,2022",,Ukraine,
Novomykhailivka,Combats,"13,05,2022",,Ukraine,
Oleksandrivka D,Combats,"13,05,2022",,Ukraine,
Rubizhne,Mouvement de troupes,"13,05,2022",,Russie,
Zolotye,Combats,"13,05,2022",,Ukraine,
Komishuvakha,Combats,"13,05,2022",,Ukraine,
Toshkivka,Artillerie russe,"13,05,2022",,Ukraine,
Orikhove,Artillerie russe,"13,05,2022",,Ukraine,
Novoselivka,Combats,"13,05,2022",,Ukraine,
Oleksandrivka,Artillerie russe,"13,05,2022",,Ukraine,
Tavriyskoye,Artillerie russe,"13,05,2022",,Ukraine,
Kotlyareve,Artillerie russe,"13,05,2022",,Ukraine,Kherson ?
Hannivka,Artillerie russe,"13,05,2022",,Ukraine,Kherson ?
Osokorivka,Artillerie russe,"13,05,2022",,Ukraine,
Bilohorivka,Combats,"13,05,2022",,Ukraine,
Sevastopol,Mouvement de troupes,"13,05,2022",,Russie,
Dovgenke,Artillerie russe,"14,05,2022",,Ukraine,
Dolyna,Artillerie russe,"14,05,2022",,Ukraine,
Husarivka,Artillerie russe,"14,05,2022",,Ukraine,
Izyum,Passage aérien,"14,05,2022",,,
Kapitolivka,Passage aérien,"14,05,2022",,,
Dibrova,Passage aérien,"14,05,2022",,,
Mariupol,Artillerie russe,"14,05,2022",,Contesté,
Neskuchne,Combats,"14,05,2022",,Inconnu,
Vremivka,Combats,"14,05,2022",,Ukraine,
Oleksandropillia,Combats,"14,05,2022",,Russie,
Komishuvakha,Combats,"14,05,2022",,Ukraine,
Holubivka,Passage aérien,"14,05,2022",,,
Mykolaïv,Aéronef abattu,"14,05,2022",,Ukraine,
Avdiyivka,Passage aérien,"14,05,2022",,,
Chornobayivka,Incident,"14,05,2022",,Russie,
Starobesheve,Passage aérien,"14,05,2022",,,
Komishuvakha,Combats,"14,05,2022",,Ukraine,
Zolotye,Combats,"14,05,2022",,Ukraine,
Orikhove,Combats,"14,05,2022",,Ukraine,
Toshkivka,Combats,"14,05,2022",,Ukraine,
Oleksandropillia,Combats,"14,05,2022",,Russie,
Novy Aidar,Mouvement de troupes,"14,05,2022",,Russie,
Mariupol,Combats,"14,05,2022",,Contesté,
île des serpents,Mouvement de troupes,"14,05,2022",,Russie,
Severodonetsk,Artillerie russe,"15,05,2022",,Ukraine,
Novobakhmutivka,Combats,"15,05,2022",,Ukraine,
Novoselivka Druha,Combats,"15,05,2022",,Ukraine,
Kamyanka,Combats,"15,05,2022",,Ukraine,
Avdiyivka,Combats,"15,05,2022",,Ukraine,
Derylove,Combats,"15,05,2022",,Russie,
Kramatorsk,Bombardement,"14,05,2022",,Ukraine,
Yarova,Combats,"15,05,2022",,Inconnu,
Novoselivka,Combats,"15,05,2022",,Contesté,
Dovgenke,Combats,"15,05,2022",,Inconnu,
Nova Dmytrivka,Fortification,"15,05,2022",,Ukraine,
Kurulka,Fortification,"15,05,2022",,Ukraine,
Ruski Tyshky,Artillerie russe,"15,05,2022",,Ukraine,
Ternova,Artillerie russe,"15,05,2022",,Ukraine,
Petrivka,Artillerie russe,"15,05,2022",,Ukraine,
Bogorodychne,Combats,"15,05,2022",,Ukraine,
Toshkivka,Combats,"15,05,2022",,Inconnu,
Komishuvakha,Combats,"15,05,2022",,Contesté,
Pisky,Combats,"15,05,2022",,Ukraine,
Novokalynove,Combats,"15,05,2022",,Ukraine,
Trypillya,Combats,"18,05,2022",,Ukraine,Proche Popasna
Pylypchatyne,Combats,"18,05,2022",,Ukraine,Proche Popasna
Troyitske,Combats,"18,05,2022",,Ukraine,
Sloviansk,Artillerie russe,"18,05,2022",,Ukraine,
Lyubymivka,Dissidence,"18,05,2022",,Russie,zaporizhia
Novoselivka Druha,Combats,"18,05,2022",,Russie,
Dnipro,Bombardement,"18,05,2022",,Ukraine,
Dementiivka,Combats,"18,05,2022",,Ukraine,
Orikhove,Combats,"18,05,2022",,Russie,
Orikhove,Combats,"17,05,2022",,Contesté,
Hirske,Fortification,"18,05,2022",,Ukraine,Proche Popasna
Pyatykhatky,Artillerie Ukrainienne,"18,05,2022",,Russie,
Stepanivky,Artillerie Ukrainienne,"18,05,2022",,Russie,
Drobysheve,Combats,"17,05,2022",,Russie,
Novozanivka,Combats,"17,05,2022",,Russie,Proche Popasna
Toshkivka,Combats,"17,05,2022",,Russie,
Seredyna-Buda,Combats,"18,05,2022",,Ukraine,Sumy
Kalyno-Popasna,Combats,"17,05,2022",,Russie,
Rozivka,Combats,"17,05,2022",,Russie,
Komishuvakha,Fortification,"18,05,2022",,Ukraine,
Zolotye,Fortification,"18,05,2022",,Ukraine,
Novoselivka,Combats,"17,05,2022",,Russie,
Lyman,Combats,"17,05,2022",,Ukraine,
Zarichne K,Combats,"17,05,2022",,Inconnu,Kharkiv
Lyman K,Combats,"17,05,2022",,Inconnu,Kharkiv
Kharkiv,Bombardement,"17,05,2022",,Ukraine,
Vovchansk,Combats,"17,05,2022",,Russie,
Drobysheve,Combats,"16,05,2022",,Ukraine,
Sirotyne,Combats,"16,05,2022",,Ukraine,Luhansk
Vyskryva,Combats,"16,05,2022",,Ukraine,
Chornobayivka,Artillerie Ukrainienne,"15,05,2022",,Russie,
Soledar,Artillerie russe,"17,05,2022",,Ukraine,
Severodonetsk,Artillerie russe,"17,05,2022",,Ukraine,
Seredyna-Buda,Combats,"17,05,2022",,Ukraine,
Pylypchatyne,Combats,"16,05,2022",,Ukraine,
Novozanivka,Combats,"16,05,2022",,Contesté,
Katerynivka,Combats,"16,05,2022",,Ukraine,
Zolotye,Combats,"16,05,2022",,Ukraine,
Severodonetsk,Artillerie russe,"16,05,2022",,Ukraine,
Davydiv Brid,Artillerie Ukrainienne,"16,05,2022",,Russie,Kherson
Lviv,Bombardement,"16,05,2022",,Ukraine,
Hulyaipole,Artillerie russe,"15,05,2022",,Ukraine,
Severodonetsk,Artillerie russe,"15,05,2022",,Ukraine,
Lysychansk,Artillerie russe,"15,05,2022",,Ukraine,
Mykolaïv,Artillerie russe,"16,05,2022",,Ukraine,
Izyum,Artillerie Ukrainienne,"16,05,2022",,Russie,
Yarova,Combats,"15,05,2022",,Inconnu,
Novoselivka,Combats,"15,05,2022",,Inconnu,
Severodonetsk,Artillerie russe,"19,05,2022",,Ukraine,
Vrubivka,Combats,"18,05,2022",,Contesté,Proche Popasna
Druzhba,Combats,"18,05,2022",,Inconnu,Proche Popasna
Bakhmut,Bombardement,"18,05,2022",,Ukraine,
Kharkiv,Artillerie russe,"18,05,2022",,Ukraine,
Trypillya,Combats,"19,05,2022",,Contesté,
Komishuvakha,Combats,"19,05,2022",,Ukraine,
Troyitske,Combats,"19,05,2022",,Ukraine,
Velyka Komyshuvakha,Combats,"19,05,2022",,Ukraine,
Ustynivka,Combats,"19,05,2022",,Ukraine,sud severodonetsk
Toshkivka,Combats,"19,05,2022",,Russie,
Dovgenke,Combats,"19,05,2022",,Russie,
Novobakhmutivka,Combats,"17,05,2022",,Ukraine,
Marinka,Combats,"17,05,2022",,Ukraine,
Novomykhailivka,Combats,"17,05,2022",,Ukraine,
Tetkino,Artillerie Ukrainienne,"19,05,2022",,Russie,Russie
Sviatohirsk,Combats,"19,05,2022",,Inconnu,
Yarova,Combats,"19,05,2022",,Inconnu,
Dovgenke,Combats,"18,05,2022",,Inconnu,
Drobysheve,Combats,"18,05,2022",,Ukraine,
Rozivka,Combats,"19,05,2022",,Russie,
Katerynivka,Combats,"19,05,2022",,Ukraine,
Zolotye,Combats,"19,05,2022",,Ukraine,
Novomykhailivka,Combats,"19,05,2022",,Ukraine,
Novokalynove,Combats,"19,05,2022",,Ukraine,
Esman,Artillerie russe,"19,05,2022",,Ukraine,Sumy
Sopych,Artillerie russe,"19,05,2022",,Ukraine,Sumy
Seredyna-Buda,Artillerie russe,"19,05,2022",,Ukraine,
Borshchova,Combats,"19,05,2022",,Ukraine,
Borshchova,Passage aérien,"19,05,2022",,Ukraine,
Pryshyb,Artillerie russe,"19,05,2022",,Ukraine,Sloviansk
Hrushuvakha,Artillerie russe,"19,05,2022",,Ukraine,
Bogorodychne,Artillerie russe,"19,05,2022",,Ukraine,
Oleksandropillia,Combats,"19,05,2022",,Ukraine,
Novobakhmutivka,Combats,"19,05,2022",,Ukraine,
Stepne,Combats,"19,05,2022",,Ukraine,
Slavne,Combats,"19,05,2022",,Ukraine,
Marinka,Combats,"19,05,2022",,Ukraine,
Ozerene,Artillerie russe,"19,05,2022",,Ukraine,
Lyman,Artillerie russe,"19,05,2022",,Ukraine,
Desna,Artillerie russe,"19,05,2022",,Ukraine,Sumy
Orikhove,Bombardement,"19,05,2022",,Ukraine,
Hulyaipole,Bombardement,"19,05,2022",,Ukraine,
Pryshyb,Bombardement,"19,05,2022",,Ukraine,
Trudolyubivka,Bombardement,"19,05,2022",,Ukraine,
Novovorontsovka,Bombardement,"19,05,2022",,Ukraine,
Malyn,Bombardement,"20,05,2022",,Ukraine,zhytomyr
Toshkivka,Combats,"20,05,2022",,Contesté,
Trypillya,Combats,"20,05,2022",,Russie,
Volodymyrivka,Combats,"20,05,2022",,Russie,
Nova Kamianka,Combats,"20,05,2022",,Russie,
Troyitske,Combats,"20,05,2022",,Russie,
Komishuvakha,Combats,"20,05,2022",,Inconnu,
Ternova,Combats,"20,05,2022",,Russie,
Rubizhne K,Combats,"20,05,2022",,Russie,
Novodarivka,Combats,"20,05,2022",,Russie,front sud
Pryyutne,Combats,"20,05,2022",,Russie,front sud
Stepove,Combats,"20,05,2022",,Russie,front sud
Neskuchne,Combats,"20,05,2022",,Russie,
Stryapivka,Combats,"20,05,2022",,Russie,Proche Popasna
Popasna,Mouvement de troupes,"20,05,2022",,Russie,
shchedryshcheve,Combats,"20,05,2022",,Russie,severodonetsk
Zarichne K,Combats,"20,05,2022",,Ukraine,
Metalivka,Combats,"20,05,2022",,Contesté,
Severodonetsk,Artillerie russe,"20,05,2022",,Ukraine,
Lozova,Bombardement,"20,05,2022",,Ukraine,Kharkiv
Izyum,Artillerie Ukrainienne,"20,05,2022",,Russie,
Zolotye,Artillerie russe,"20,05,2022",,Ukraine,
Rubizhne,Artillerie Ukrainienne,"20,05,2022",,Russie,
Yaremivka,Combats,"20,05,2022",,Contesté,proche Izyum
Kherson,Dissidence,"19,05,2022",,Russie,
Enerhodar,Dissidence,"20,05,2022",,Russie,
Lyman,Combats,"20,05,2022",,Ukraine,
Severodonetsk,Combats,"20,05,2022",,Ukraine,
Novomykhailivka,Combats,"20,05,2022",,Ukraine,
Chornobayivka,Mouvement de troupes,"20,05,2022",,Russie,
Boyaro-Lezhachi,Artillerie russe,"20,05,2022",,Ukraine,Sumy
Brusky,Artillerie russe,"20,05,2022",,Ukraine,Sumy
Hremyach,Artillerie russe,"20,05,2022",,Ukraine,chernihiv
Ternova,Combats,"20,05,2022",,Inconnu,
Vesele,Artillerie russe,"20,05,2022",,Ukraine,
Ruski Tyshky,Artillerie russe,"20,05,2022",,Ukraine,
Dovgenke,Artillerie russe,"20,05,2022",,Ukraine,
Velyka Komyshuvakha,Artillerie russe,"20,05,2022",,Ukraine,
Dolyna,Artillerie russe,"20,05,2022",,Ukraine,
Dibrova,Artillerie russe,"20,05,2022",,Ukraine,
Zakitne,Artillerie russe,"20,05,2022",,Ukraine,dir lyman
Oleksandropillia,Combats,"20,05,2022",,Inconnu,Proche Popasna
Volodymyrivka,Mouvement de troupes,"20,05,2022",,Russie,
Vasylivka,Mouvement de troupes,"20,05,2022",,Russie,Proche Popasna
Oleksandrivka,Combats,"20,05,2022",,Ukraine,
Novodarivka,Combats,"20,05,2022",,Ukraine,
Odesa,Bombardement,"20,05,2022",,Ukraine,
Druzhba,Combats,"19,05,2022",,Russie,
Vesele,Combats,"20,05,2022",,Russie,
Zolochiv,Combats,"20,05,2022",,Inconnu,
Ternova,Combats,"20,05,2022",,Russie,
Novoselivka,Combats,"20,05,2022",,Russie,
Yarova,Combats,"20,05,2022",,Ukraine,
Nova Kamianka,Combats,"20,05,2022",,Contesté,
Viktorivka,Combats,"20,05,2022",,Russie,
Vyskryva,Combats,"20,05,2022",,Russie,
Bakhmut,Bombardement,"20,05,2022",,Ukraine,
Ternova,Combats,"21,05,2022",,Contesté,
Semenivka,Artillerie russe,"21,05,2022",,Ukraine,Nord
Bleshnya,Artillerie russe,"21,05,2022",,Ukraine,Nord
Hirsk,Artillerie russe,"21,05,2022",,Ukraine,Nord
Chornohlazivka ,Artillerie russe,"21,05,2022",,Ukraine,Kharkiv
Prudyanka,Artillerie russe,"21,05,2022",,Ukraine,
Dementiivka,Artillerie russe,"21,05,2022",,Ukraine,
Velyka Komyshuvakha,Artillerie russe,"21,05,2022",,Ukraine,
Dovgenke,Artillerie russe,"21,05,2022",,Ukraine,
Vrubivka,Bombardement,"21,05,2022",,Ukraine,
Bakhmut,Bombardement,"21,05,2022",,Ukraine,
Lypove,Combats,"21,05,2022",,Ukraine,Donestk
Vasylivka,Combats,"21,05,2022",,Ukraine,
Marinka,Combats,"21,05,2022",,Ukraine,
Novomykhailivka,Combats,"21,05,2022",,Ukraine,
Mykilske,Bombardement,"21,05,2022",,Ukraine,Donestk
Vremivka,Artillerie russe,"21,05,2022",,Ukraine,
Olhivske,Artillerie russe,"21,05,2022",,Ukraine,zaporizhia
Zatyshshya,Artillerie russe,"21,05,2022",,Ukraine,zaporizhia
Hulyaipole,Artillerie russe,"21,05,2022",,Ukraine,zaporizhia
Orikhiv,Artillerie russe,"21,05,2022",,Ukraine,zaporizhia
Novodanylivka,Artillerie russe,"21,05,2022",,Ukraine,zaporizhia
Kamenskoye,Artillerie russe,"21,05,2022",,Ukraine,
Lyman,Artillerie russe,"22,05,2022",,Ukraine,
Zakitne,Artillerie russe,"22,05,2022",,Ukraine,
Ozerene,Artillerie russe,"22,05,2022",,Ukraine,
Dibrova,Artillerie russe,"22,05,2022",,Ukraine,
Oleksandrivka,Combats,"22,05,2022",,Ukraine,
Toshkivka,Combats,"22,05,2022",,Ukraine,
Komishuvakha,Combats,"22,05,2022",,Ukraine,
Trypillya,Combats,"22,05,2022",,Ukraine,
Vasylivka,Combats,"22,05,2022",,Ukraine,
Boyaro-Lezhachi,Artillerie russe,"22,05,2022",,Ukraine,
Ulytsia,Artillerie russe,"22,05,2022",,Ukraine,sumy
Bunyakine,Artillerie russe,"22,05,2022",,Ukraine,sumy
Hirky,Artillerie russe,"22,05,2022",,Ukraine,sumy
Gremyach,Artillerie russe,"22,05,2022",,Ukraine,sumy
Muravyi,Artillerie russe,"22,05,2022",,Ukraine,sumy
Virnopillya,Artillerie russe,"22,05,2022",,Ukraine,vers sloviansk
Dibrovne,Artillerie russe,"22,05,2022",,Ukraine,vers sloviansk
Dovgenke,Artillerie russe,"22,05,2022",,Ukraine,
Vrubivka,Bombardement,"22,05,2022",,Ukraine,
Bakhmut,Bombardement,"22,05,2022",,Ukraine,
Serebryanka,Artillerie russe,"22,05,2022",,Ukraine,proche lyman
Severodonetsk,Artillerie russe,"22,05,2022",,Ukraine,
Lysychansk,Artillerie russe,"22,05,2022",,Ukraine,
shchedryshcheve,Combats,"22,05,2022",,Ukraine,
Smolyaninove,Combats,"22,05,2022",,Ukraine,
Lypove,Combats,"22,05,2022",,,
Krasnohorivka,Combats,"22,05,2022",,Ukraine,
Marinka,Combats,"22,05,2022",,Ukraine,
Novomykhailivka,Artillerie russe,"22,05,2022",,Ukraine,
Volodymyrivka,Artillerie russe,"22,05,2022",,Ukraine,
Mykilske,Bombardement,"22,05,2022",,Ukraine,
Katerynivka,Bombardement,"22,05,2022",,Ukraine,
Novoselivka,Combats,"21,04,2022",,Russie,sud donetsk
Novoselivka N,Combats,"22,05,2022",,Russie,
Oskil,Combats,"22,05,2022",,Russie,
Odesa,Bombardement,"22,05,2022",,Ukraine,
Lyman,Combats,"23,05,2022",,Contesté,
Mykolaïv,Artillerie russe,"22,05,2022",,Ukraine,
Desna,Bombardement,"17,05,2022",,Ukraine,
Mironivsky,Combats,"23,05,2022",,Contesté,
Ozerene,Artillerie russe,"23,05,2022",,Ukraine,
Dibrova,Artillerie russe,"23,05,2022",,Ukraine,
Oleksandropillia,Combats,"23,05,2022",,Contesté,
Trypillya,Combats,"23,05,2022",,Ukraine,
Lypove,Combats,"23,05,2022",,Ukraine,
Khotimlya,Combats,"23,05,2022",,Inconnu,
Ternova,Combats,"23,05,2022",,Inconnu,
Bogorodychne,Bombardement,"23,05,2022",,Ukraine,
Husarivka,Artillerie russe,"23,05,2022",,Ukraine,
Chepil,Artillerie russe,"23,05,2022",,Ukraine,
Dolyna,Artillerie russe,"23,05,2022",,Ukraine,
Sviatohirsk,Artillerie russe,"23,05,2022",,Ukraine,
Studenok,Artillerie russe,"23,05,2022",,Ukraine,
Posad-Pokrovsky,Fortification,"23,05,2022",,Russie,
Velykyi Burluk,Fortification,"22,05,2022",,Russie,
Kapitolivka,Fortification,"22,05,2022",,Russie,
Levkivka,Fortification,"22,05,2022",,Russie,
Zabavne,Fortification,"22,05,2022",,Russie,
Kupyansk,Fortification,"22,05,2022",,Russie,kharkiv
Dovgenke,Combats,"22,05,2022",,Russie,
Dibrova,Artillerie russe,"22,05,2022",,Ukraine,
Toshkivka,Combats,"22,05,2022",,Ukraine,
Avdiyivka,Bombardement,"22,05,2022",,Ukraine,
Novoselivka Druha,Bombardement,"22,05,2022",,Ukraine,
Novomykhailivka,Bombardement,"22,05,2022",,Ukraine,
Serebryanka,Combats,"23,05,2022",,Ukraine,
Lyman,Combats,"24,05,2022",,Contesté,
Horlivka,Combats,"24,05,2022",,Russie,proche new york
Ustynivka,Combats,"24,05,2022",,Contesté,
Toshkivka,Combats,"24,05,2022",,Contesté,
Komishuvakha,Combats,"24,05,2022",,Ukraine,
Vrubivka,Combats,"24,05,2022",,Inconnu,
Pylypchatyne,Combats,"24,05,2022",,Inconnu,
Zolotye,Combats,"24,05,2022",,Inconnu,
Svitlodarsk,Combats,"24,05,2022",,Russie,
Ternova,Combats,"24,05,2022",,Contesté,
Mironivsky,Combats,"24,05,2022",,Russie,
Soledar,Combats,"24,05,2022",,Ukraine,
Bakhmut,Artillerie russe,"24,05,2022",,Ukraine,
Tsyrkuny,Artillerie russe,"24,05,2022",,Ukraine,
Severodonetsk,Combats,"24,05,2022",,Ukraine,
Bilohorivka,Combats,"24,05,2022",,Inconnu,
Lypove,Combats,"24,05,2022",,Inconnu,
Avdiyivka,Combats,"24,05,2022",,Ukraine,
Kurakhovo,Combats,"24,05,2022",,Ukraine,
Novopavliv,Combats,"24,05,2022",,Ukraine,
Avdiyivka,Artillerie russe,"24,05,2022",,Ukraine,
Pisky,Artillerie russe,"24,05,2022",,Ukraine,
Marinka,Artillerie russe,"24,05,2022",,Ukraine,
Bogorodychne,Bombardement,"24,05,2022",,Ukraine,
Husarivka,Artillerie russe,"24,05,2022",,Ukraine,
Chepil,Artillerie russe,"24,05,2022",,Ukraine,
Dolyna,Artillerie russe,"24,05,2022",,Ukraine,
Sviatohirsk,Artillerie russe,"24,05,2022",,Ukraine,
Studenok,Artillerie russe,"24,05,2022",,Ukraine,
Posad-Pokrovsky,Fortification,"24,05,2022",,Russie,
Vidrodzhennya,Combats,"24,05,2022",,Russie,
Zarichne K,Combats,"21,05,2022",,Ukraine,
Novoluhanske,Combats,"25,05,2022",,Inconnu,
Kryvyi Rih,Bombardement,"25,05,2022",,Ukraine,
Toshkivka,Combats,"25,05,2022",,Russie,
Lypove,Combats,"25,05,2022",,Russie,
Lyman,Combats,"25,05,2022",,Inconnu,
Vasylivka D,Combats,"25,05,2022",,Russie,Donetsk
Avdiyivka,Combats,"25,05,2022",,Inconnu,
Zaporizhia,Bombardement,"25,05,2022",,Ukraine,
Vasylivka,Mouvement de troupes,"25,05,2022",,Russie,
Volodymyrivka,Combats,"25,05,2022",,Russie,
Viktorivka,Combats,"25,05,2022",,Russie,
Oleksandropillia,Combats,"25,05,2022",,Russie,
Trypillya,Combats,"25,05,2022",,Russie,
Bilohorivka,Combats,"25,05,2022",,Contesté,
Yakovlivka,Combats,"25,05,2022",,Contesté,Donetsk
Yaremivka,Combats,"25,05,2022",,Russie,
Kramatorsk,Artillerie russe,"25,05,2022",,Ukraine,
Bakhmut,Artillerie russe,"25,05,2022",,Ukraine,
Severodonetsk,Combats,"25,05,2022",,Ukraine,
Lysychansk,Artillerie russe,"25,05,2022",,Ukraine,
Rubizhne K,Artillerie russe,"24,05,2022",,Ukraine,
Ternova,Combats,"24,05,2022",,Contesté,
Pasika,Combats,"24,05,2022",,Ukraine,Donestk ?
Kamyanka,Bombardement,"24,05,2022",,Ukraine,
Novomykhailivka,Bombardement,"24,05,2022",,Ukraine,
Kamyanka,Passage aérien,"25,05,2022",,Ukraine,
Novomykhailivka,Passage aérien,"25,05,2022",,Ukraine,
Avdiyivka,Passage aérien,"25,05,2022",,Ukraine,
Krasnopillya,Artillerie russe,"25,05,2022",,Ukraine,
Ruski Tyshky,Artillerie russe,"25,05,2022",,Ukraine,
Nova Dmytrivka,Artillerie russe,"25,05,2022",,Ukraine,
Bogorodychne,Combats,"25,05,2022",,Ukraine,
Komishuvakha,Artillerie russe,"25,05,2022",,Ukraine,
Novozanivka,Artillerie russe,"25,05,2022",,Ukraine,
Berestov,Combats,"25,05,2022",,Inconnu,
Nyrkovo,Combats,"25,05,2022",,Inconnu,
Krasnohorivka,Combats,"25,05,2022",,Ukraine,
Kamyanka,Combats,"25,05,2022",,Ukraine,
Pisky,Combats,"25,05,2022",,Ukraine,
Marinka,Artillerie russe,"25,05,2022",,Ukraine,
Mykilske,Artillerie russe,"25,05,2022",,Ukraine,
Poltavka,Artillerie russe,"25,05,2022",,Ukraine,
Orikhiv,Artillerie russe,"25,05,2022",,Ukraine,
Kharkiv,Artillerie russe,"26,05,2022",,Ukraine,
Dovgenke,Combats,"26,05,2022",,Inconnu,
Lysychansk,Fosse commune,"26,05,2022",,Ukraine,
Berestov,Combats,"26,05,2022",,Ukraine,
Krasnohorivka,Combats,"26,05,2022",,Ukraine,
Kamyanka,Combats,"26,05,2022",,Ukraine,
Avdiyivka,Combats,"26,05,2022",,Ukraine,
Pisky,Combats,"26,05,2022",,Ukraine,
Zolota Nyva,Combats,"26,05,2022",,Ukraine,
Kurakhovo,Combats,"26,05,2022",,Ukraine,
Severodonetsk,Combats,"26,05,2022",,Ukraine,
Lyman,Combats,"26,05,2022",,Russie,
Volodymyrivka,Artillerie Ukrainienne,"26,05,2022",,Russie,
Bohorodychne,Combats,"26,05,2022",,Ukraine,
Borivske,Combats,"26,05,2022",,Ukraine,
Ustynivka,Combats,"26,05,2022",,Contesté,
Komishuvakha,Combats,"26,05,2022",,Ukraine,
Nyrkovo,Combats,"26,05,2022",,Ukraine,
Berestov,Combats,"26,05,2022",,Ukraine,
Bilohorivka,Combats,"26,05,2022",,Ukraine,
Midna Ruda,Combats,"26,05,2022",,Russie,
Chepil,Artillerie russe,"26,05,2022",,Ukraine,
Kurulka,Artillerie russe,"26,05,2022",,Ukraine,
Studenok,Artillerie russe,"26,05,2022",,Ukraine,
Chornobayivka,Fortification,"26,05,2022",,Russie,
Pravdyne,Fortification,"26,05,2022",,Russie,
Zorya,Fortification,"26,05,2022",,Russie,
Vesele,Combats,"02,06,2022",,Ukraine,
Borshchova,Combats,"02,06,2022",,Inconnu,
Yarova,Combats,"02,06,2022",,Russie,
Dibrova,Combats,"02,06,2022",,Russie,
Severodonetsk,Combats,"02,06,2022",,Contesté,
Davydiv Brid,Combats,"02,06,2022",,Ukraine,
Velyka Oleksandrivka,Mouvement de troupes,"02,06,2022",,Inconnu,
Ustynivka,Combats,"02,06,2022",,Ukraine,
Bobrove,Combats,"02,06,2022",,Ukraine,
Nahirne,Combats,"02,06,2022",,Ukraine,
Komishuvakha,Combats,"02,06,2022",,Ukraine,
Bilohorivka,Combats,"02,06,2022",,Ukraine,proche popasna
Dovgenke,Artillerie russe,"02,06,2022",,Ukraine,
Kurulka,Artillerie russe,"02,06,2022",,Ukraine,
Virnopillya,Artillerie russe,"02,06,2022",,Ukraine,
Dolyna,Artillerie russe,"02,06,2022",,Ukraine,
Kostromka,Combats,"02,06,2022",,Ukraine,
Lozova,Combats,"02,06,2022",,Ukraine,
Bruskinske,Combats,"02,06,2022",,Ukraine,
Tamaryne,Artillerie Ukrainienne,"02,06,2022",,Russie,
Voronove,Combats,"02,06,2022",,Contesté,
Metolkine,Combats,"02,06,2022",,Russie,proche severodonetsk
Sosnove,Combats,"02,06,2022",,Russie,
Studenok,Combats,"02,06,2022",,Russie,
Sviatohirsk,Combats,"02,06,2022",,Contesté,
Andriivka,Combats,"02,06,2022",,Contesté,
Yarova,Combats,"02,06,2022",,Russie,
Bilohorivka,Combats,"03,06,2022",,Ukraine,
Severodonetsk,Combats,"03,06,2022",,Contesté,
Bohorodychne,Combats,"03,06,2022",,Ukraine,
Dolyna,Combats,"03,06,2022",,Ukraine,
Metolkine,Combats,"03,06,2022",,Ukraine,
Vrubivka,Combats,"03,06,2022",,Ukraine,
Studenok,Combats,"03,06,2022",,Contesté,
Severodonetsk,Combats,"04,06,2022",,Contesté,
Severodonetsk,Artillerie Ukrainienne,"04,06,2022",,Contesté,
Lysychansk,Bombardement,"04,06,2022",,Ukraine,
Bakhmut,Bombardement,"04,06,2022",,Ukraine,
Kramatorsk,Bombardement,"04,06,2022",,Ukraine,
Kostiantynivka,Bombardement,"04,06,2022",,Ukraine,
Lysychansk,Bombardement,"04,06,2022",,Ukraine,
Sloviansk,Bombardement,"04,06,2022",,Ukraine,
Soledar,Bombardement,"04,06,2022",,Ukraine,
Svyatogorsk,Artillerie russe,"04,06,2022",,Ukraine,
Starodubivka,Artillerie russe,"04,06,2022",,Ukraine,
Ustynivka,Artillerie russe,"04,06,2022",,Ukraine,
Toshkivka,Artillerie russe,"04,06,2022",,Ukraine,
Yakovlivka,Artillerie russe,"04,06,2022",,Ukraine,
New York,Artillerie russe,"04,06,2022",,Ukraine,
Marinka,Artillerie russe,"04,06,2022",,Ukraine,
Krasnohorivka,Artillerie russe,"04,06,2022",,Ukraine,
Polohy,Combats,"04,06,2022",,Inconnu,
Ivanivka,Bombardement,"03,05,2022",,Russie,80km nord Crimée
Orikhiv,Aéronef abattu,"05,06,2022",,,
Severodonetsk,Combats,"05,06,2022",,Contesté,
Voronove,Combats,"05,06,2022",,Ukraine,
Kyiv,Bombardement,"05,06,2022",,Ukraine,
Studenok,Combats,"05,06,2022",,Russie,
Sosnove,Combats,"05,06,2022",,Russie,
Shchurove,Combats,"05,06,2022",,Russie,
Sviatohirsk,Combats,"05,06,2022",,Ukraine,
Dovgenke,Combats,"05,06,2022",,Contesté,
Staryi Karavan,Combats,"05,06,2022",,Contesté,
Brusivka,Combats,"05,06,2022",,Contesté,
Pasika,Combats,"05,06,2022",,Contesté,
Sukhyi Stavok,Combats,"05,06,2022",,Ukraine,
Blahodativka,Combats,"05,06,2022",,Ukraine,
Kostromka,Combats,"05,06,2022",,Ukraine,
Davydiv Brid,Combats,"05,06,2022",,Russie,
Metolkine,Combats,"05,06,2022",,Ukraine,
Voronove,Combats,"05,06,2022",,Contesté,
Donetsk,Bombardement,"04,06,2022",,Russie,
Mykolaivka,Combats,"06,06,2022",,Inconnu,
Lypove,Combats,"06,06,2022",,Russie,
Nyrkovo,Combats,"06,06,2022",,Russie,
Dibrova,Combats,"06,06,2022",,Russie,
Ozerene,Combats,"06,06,2022",,Ukraine,
Tsupivka,Combats,"06,06,2022",,Ukraine,
Rubizhne K,Combats,"06,06,2022",,Contesté,
Polohy,Artillerie Ukrainienne,"02,06,2022",,Russie,
Dovgenke,Combats,"06,06,2022",,Contesté,
Severodonetsk,Combats,"06,06,2022",,Contesté,
Berestov,Artillerie russe,"06,06,2022",,Ukraine,
Fedorivka,Artillerie russe,"06,06,2022",,Ukraine,
Myronivka,Artillerie russe,"06,06,2022",,Ukraine,
Metolkine,Combats,"07,06,2022",,Russie,
Severodonetsk,Combats,"07,06,2022",,Contesté,
Blahodatne,Combats,"07,06,2022",,Ukraine,Kherson
Hulyaipole,Combats,"07,06,2022",,,
Orikhove,Combats,"07,06,2022",,,
Sviatohirsk,Combats,"07,06,2022",,Contesté,
Tsupivka,Combats,"07,06,2022",,Inconnu,
Velyki Prokhody,Combats,"07,06,2022",,Inconnu,Kharkiv
Ternova,Combats,"07,06,2022",,Inconnu,
Velyka Komyshuvakha,Artillerie russe,"07,06,2022",,Ukraine,
Dolyna,Artillerie russe,"07,06,2022",,Ukraine,
Kurulka,Artillerie russe,"07,06,2022",,Ukraine,
Hrushuvakha,Artillerie russe,"07,06,2022",,Ukraine,
Chernova Polyana,Artillerie russe,"07,06,2022",,Ukraine,
Shnurky,Artillerie russe,"07,06,2022",,Ukraine,
Lysychansk,Artillerie russe,"07,06,2022",,Ukraine,
Borivske,Artillerie russe,"07,06,2022",,Ukraine,
Komishuvakha,Combats,"07,06,2022",,Ukraine,
Svitlodarsk,Combats,"07,06,2022",,Ukraine,
Sviatohirsk,Combats,"08,06,2022",,Contesté,
Ustynivka,Combats,"08,06,2022",,Ukraine,
Toshkivka,Combats,"08,06,2022",,Ukraine,
Zolote,Combats,"08,06,2022",,Ukraine,
Vrubivka,Combats,"08,06,2022",,Ukraine,
Nahirne,Combats,"08,06,2022",,Ukraine,
Berestov,Combats,"08,06,2022",,Contesté,
Nahirne,Combats,"08,06,2022",,Ukraine,
Severodonetsk,Combats,"08,06,2022",,Contesté,
Komishuvakha,Combats,"08,06,2022",,Contesté,
Lysychansk,Artillerie russe,"08,06,2022",,Ukraine,
Voronove,Artillerie russe,"08,06,2022",,Ukraine,
Hirsk,Artillerie russe,"08,06,2022",,Ukraine,
Dovgenke,Combats,"08,06,2022",,Contesté,
Kamyanka,Artillerie russe,"08,06,2022",,Ukraine,
Avdiyivka,Artillerie russe,"08,06,2022",,Ukraine,
Pisky,Artillerie russe,"08,06,2022",,Ukraine,
Krasnohorivka,Artillerie russe,"08,06,2022",,Ukraine,
Mykilske,Artillerie russe,"08,06,2022",,Ukraine,
Marinka,Bombardement,"08,06,2022",,Ukraine,
Oleksandrivka,Artillerie russe,"09,06,2022",,Ukraine,
Tavriyske,Artillerie russe,"09,06,2022",,Ukraine,Kherson
Lyubymivka,Artillerie russe,"09,06,2022",,Ukraine,Kherson
Lyubomyrivka,Artillerie russe,"09,06,2022",,Ukraine,Kherson
Shyroke,Artillerie russe,"09,06,2022",,Ukraine,Kherson
Bereznehuvate,Artillerie russe,"09,06,2022",,Ukraine,Kherson
Bila Krynytsya,Artillerie russe,"09,06,2022",,Ukraine,Kherson
Dobryanka,Artillerie russe,"09,06,2022",,Ukraine,Kherson
Zolote,Combats,"09,06,2022",,Ukraine,
Katerynivka,Combats,"09,06,2022",,Contesté,
Sviatohirsk,Combats,"09,06,2022",,Contesté,
Dovgenke,Combats,"09,06,2022",,Contesté,
Severodonetsk,Combats,"09,06,2022",,Contesté,
Lysychansk,Artillerie russe,"09,06,2022",,Ukraine,
Pryvillya,Artillerie russe,"09,06,2022",,Ukraine,
Voronove,Artillerie russe,"09,06,2022",,Ukraine,
Toshkivka,Artillerie russe,"09,06,2022",,Ukraine,
Hirsk,Artillerie russe,"09,06,2022",,Ukraine,
Komishuvakha,Artillerie russe,"09,06,2022",,Ukraine,
Vrubivka,Artillerie russe,"09,06,2022",,Ukraine,
Mykolaivka,Artillerie russe,"09,06,2022",,Ukraine,
New York,Artillerie russe,"09,06,2022",,Ukraine,
Semyhirya,Artillerie russe,"09,06,2022",,Ukraine,
Tetyanivka,Combats,"10,06,2022",,Ukraine,Donestk
Pryshyb,Combats,"10,06,2022",,Ukraine,
Dolyna,Artillerie Ukrainienne,"10,06,2022",,Russie,
Izyum,Fortification,"10,06,2022",,Russie,
Chernova Polyana,Artillerie russe,"10,06,2022",,Ukraine,
Nova Dmytrivka,Artillerie russe,"10,06,2022",,Ukraine,
Hrushuvakha,Artillerie russe,"10,06,2022",,Ukraine,
Dibrovne,Artillerie russe,"10,06,2022",,Ukraine,sud Izyum
Kharkiv,Artillerie russe,"10,06,2022",,Ukraine,
Husarivka,Artillerie russe,"10,06,2022",,Ukraine,
Bayrak,Artillerie russe,"10,06,2022",,Ukraine,kharkiv
Chepil,Artillerie russe,"10,06,2022",,Ukraine,
Severodonetsk,Combats,"10,06,2022",,Contesté,
Lysychansk,Artillerie russe,"10,06,2022",,Ukraine,
Severodonetsk,Artillerie russe,"10,06,2022",,Contesté,
Ustynivka,Artillerie russe,"10,06,2022",,Ukraine,
Toshkivka,Artillerie russe,"10,06,2022",,Ukraine,
Zolote,Artillerie russe,"10,06,2022",,Ukraine,
Hirsk,Artillerie russe,"10,06,2022",,Ukraine,
New York,Artillerie russe,"10,06,2022",,Ukraine,
Vrubivka,Artillerie russe,"10,06,2022",,Ukraine,
Komishuvakha,Artillerie russe,"10,06,2022",,Ukraine,
Berestov,Artillerie russe,"10,06,2022",,Ukraine,
Avdiyivka,Artillerie russe,"10,06,2022",,Ukraine,
Marinka,Bombardement,"10,06,2022",,Ukraine,
Orikhiv,Artillerie russe,"10,06,2022",,Ukraine,
Novobakhmutivka,Artillerie russe,"10,06,2022",,Ukraine,
Krasnohorivka,Bombardement,"10,06,2022",,Ukraine,
Oleksandropillia,Bombardement,"10,06,2022",,Ukraine,
Sviatohirsk,Mouvement de troupes,"10,06,2022",,Russie,
Dronivka,Artillerie russe,"10,06,2022",,Ukraine,
Serebryanka,Artillerie russe,"10,06,2022",,Ukraine,
Tavriyske,Combats,"11,06,2022",,Ukraine,
Kyselivka,Combats,"11,06,2022",,Inconnu,Kherson
Stanislav,Combats,"11,06,2022",,Inconnu,Kherson
Soldatske,Combats,"11,06,2022",,Inconnu,
Virnopillya,Combats,"11,06,2022",,Ukraine,
Brazhivka,Combats,"11,06,2022",,Ukraine,Izyum
Dolyna,Combats,"11,06,2022",,Ukraine,
Metolkine,Combats,"11,06,2022",,Contesté,
Toshkivka,Combats,"11,06,2022",,Ukraine,
Nyrkovo,Combats,"11,06,2022",,Ukraine,
Mykolaivka,Combats,"11,06,2022",,Ukraine,
Berestov,Combats,"11,06,2022",,Ukraine,
Volodymyrivka,Combats,"11,06,2022",,Ukraine,
Dovgenke,Combats,"11,06,2022",,Russie,
Orikhiv,Combats,"11,06,2022",,Contesté,
Bohorodychne,Combats,"11,06,2022",,Ukraine,
Prudyanka,Artillerie russe,"11,06,2022",,Ukraine,
Tsyrkuny,Artillerie russe,"11,06,2022",,Ukraine,
Ternova,Bombardement,"11,06,2022",,Ukraine,
Lysychansk,Artillerie russe,"11,06,2022",,Ukraine,
Serebryanka,Artillerie russe,"11,06,2022",,Ukraine,
Bilohorivka,Artillerie russe,"11,06,2022",,Ukraine,
Lysychansk,Bombardement,"11,06,2022",,Ukraine,
Severodonetsk,Artillerie russe,"11,06,2022",,Contesté,
Ustynivka,Artillerie russe,"11,06,2022",,Ukraine,
Nyrkovo,Combats,"11,06,2022",,Contesté,
Hirsk,Combats,"11,06,2022",,Ukraine,
Komishuvakha,Combats,"11,06,2022",,Ukraine,
Novoluhanske,Combats,"11,06,2022",,Ukraine,
New York,Artillerie russe,"11,06,2022",,Ukraine,
Avdiyivka,Artillerie russe,"11,06,2022",,Ukraine,
Krasnohorivka,Artillerie russe,"11,06,2022",,Ukraine,
Marinka,Bombardement,"11,06,2022",,Ukraine,
Svetlodarsk,Incident,"12,06,2022",,Russie,
Berdiansk,Incident,"12,06,2022",,Russie,
Bohorodychne,Combats,"12,06,2022",,Ukraine,
Severodonetsk,Combats,"12,06,2022",,Contesté,
Lysychansk,Artillerie russe,"12,06,2022",,Ukraine,
Vasylivka,Combats,"12,06,2022",,Russie,
Toshkivka,Combats,"12,06,2022",,Ukraine,
Petrivske,Artillerie russe,"12,06,2022",,Ukraine,
Kurulka,Artillerie russe,"12,06,2022",,Ukraine,
Dolyna,Artillerie russe,"12,06,2022",,Ukraine,
Dronivka,Artillerie russe,"12,06,2022",,Ukraine,
Shypylivka,Artillerie russe,"12,06,2022",,Ukraine,
Hirsk,Artillerie russe,"12,06,2022",,Ukraine,
Komishuvakha,Artillerie russe,"12,06,2022",,Ukraine,
Vrubivka,Artillerie russe,"12,06,2022",,Ukraine,
Mykolaivka,Artillerie russe,"12,06,2022",,Ukraine,
Bilohorivka,Artillerie russe,"12,06,2022",,Ukraine,
Virnopillya,Combats,"12,06,2022",,Ukraine,
Brazhivka,Combats,"12,06,2022",,Contesté,
Dolyna,Combats,"12,06,2022",,Ukraine,
Metolkine,Combats,"12,06,2022",,Ukraine,
Nyrkovo,Combats,"12,06,2022",,Ukraine,
Berestov,Combats,"12,06,2022",,Ukraine,
Volodymyrivka,Combats,"12,06,2022",,Ukraine,
Vrubivka,Combats,"12,06,2022",,Ukraine,
Zolote,Combats,"12,06,2022",,Ukraine,
Orikhove,Combats,"12,06,2022",,Ukraine,
Mazanivka,Combats,"12,06,2022",,Ukraine,
Ternova,Combats,"13,06,2022",,Contesté,
Rubizhne,Combats,"13,06,2022",,Contesté,
Izyum,Aéronef abattu,"13,06,2022",,Ukraine,
Blahodatne,Artillerie russe,"13,06,2022",,Ukraine,
Shyroke,Artillerie russe,"13,06,2022",,Ukraine,
Dobryanka,Artillerie russe,"13,06,2022",,Ukraine,
Trudolyubivka,Artillerie russe,"13,06,2022",,Ukraine,
Osokorivka,Artillerie russe,"13,06,2022",,Ukraine,zaporizhia
Tetyanivka,Combats,"13,06,2022",,Russie,
Bohorodychne,Combats,"13,06,2022",,Contesté,
Pryshyb,Combats,"13,06,2022",,Contesté,
Shestakove,Passage aérien,"13,06,2022",,Ukraine,
Zavody,Combats,"13,06,2022",,Ukraine,
Spivakivka,Combats,"13,06,2022",,Ukraine,
Severodonetsk,Combats,"13,06,2022",,Contesté,
Serebryanka,Artillerie russe,"13,06,2022",,Ukraine,
Lysychansk,Artillerie russe,"13,06,2022",,Ukraine,
Toshkivka,Artillerie russe,"13,06,2022",,Ukraine,
Viktorivka,Combats,"13,06,2022",,Russie,
Komishuvakha,Combats,"13,06,2022",,Contesté,
Vrubivka,Combats,"13,06,2022",,Ukraine,
Novoluhanske,Combats,"13,06,2022",,Ukraine,
Starytsya,Combats,"13,06,2022",,Russie,
Metolkine,Combats,"13,06,2022",,Ukraine,
Klintsy,Incident,"14,06,2022",,Russie,Russie
Kyselivka,Combats,"14,06,2022",,Contesté,
Stanislav,Combats,"14,06,2022",,Russie,
Soldatske,Combats,"14,06,2022",,Contesté,
Myrolyubivka,Combats,"14,06,2022",,Contesté,kherson
Pravdyne,Combats,"14,06,2022",,Contesté,
Mykolaivka S,Aéronef abattu,"14,06,2022",,,kherson
Nova kahovka,Incident,"14,06,2022",,Russie,
Prydonestke,Combats,"14,06,2022",,Ukraine,Izyum
Dementiivka,Artillerie russe,"14,06,2022",,Ukraine,
Ruska Lozova,Artillerie russe,"14,06,2022",,Ukraine,kharkiv
Peremoha,Artillerie russe,"14,06,2022",,Ukraine,kharkiv
Shestakove,Artillerie russe,"14,06,2022",,Ukraine,
Rubizhne K,Combats,"14,06,2022",,Contesté,
Tetyanivka,Artillerie russe,"14,06,2022",,Ukraine,
Chepil,Artillerie russe,"14,06,2022",,Ukraine,
Dolyna,Artillerie russe,"14,06,2022",,Ukraine,
Dibrovne,Artillerie russe,"14,06,2022",,Ukraine,
Bohorodychne,Artillerie russe,"14,06,2022",,Contesté,
Severodonetsk,Artillerie russe,"14,06,2022",,Contesté,
Mykolaivka,Artillerie russe,"14,06,2022",,Ukraine,
Berestov,Artillerie russe,"14,06,2022",,Ukraine,
Vrubivka,Artillerie russe,"14,06,2022",,Ukraine,
New York,Artillerie russe,"14,06,2022",,Ukraine,
Bilohorivka B,Artillerie russe,"14,06,2022",,Ukraine,proche bakhmut
Severodonetsk,Combats,"14,06,2022",,Contesté,
Berestov,Combats,"14,06,2022",,Ukraine,
Zolote,Combats,"14,06,2022",,Ukraine,
Simferopol,Incident,"15,06,2022",,Russie,
île des serpents,Fortification,"15,06,2022",,Russie,
Nyrkovo,Combats,"15,06,2022",,Contesté,
Metolkine,Combats,"15,06,2022",,Contesté,
Severodonetsk,Combats,"15,06,2022",,Contesté,
Dovgenke,Combats,"15,06,2022",,Russie,
Pasika,Combats,"15,06,2022",,Russie,
Bohorodychne,Combats,"15,06,2022",,Russie,
Dolyna,Combats,"15,06,2022",,Contesté,
Kyselivka,Combats,"15,06,2022",,Inconnu,
Vysokopillya,Combats,"15,06,2022",,Russie,
Katerynivka,Combats,"12,06,2022",,Russie,
Zolote,Combats,"15,06,2022",,Ukraine,
Nova kahovka,Bombardement,"15,06,2022",,Russie,
Snihurivka,Combats,"15,06,2022",,Inconnu,
Makiivka,Artillerie Ukrainienne,"15,06,2022",,Russie,Donestk
Toshkivka,Combats,"15,06,2022",,Ukraine,
Berestov,Combats,"15,06,2022",,Ukraine,
Rivnopil,Aéronef abattu,"16,06,2022",,,Donetsk
Prudyanka,Combats,"16,06,2022",,Ukraine,
Tsupivka,Combats,"16,06,2022",,Russie,
Dementiivka,Combats,"16,06,2022",,Ukraine,
Pytomnyk,Combats,"16,06,2022",,Ukraine,
Bohorodychne,Combats,"16,06,2022",,Contesté,
Zolote,Combats,"16,06,2022",,Ukraine,
Hirsk,Combats,"16,06,2022",,Ukraine,
Zolochiv,Artillerie russe,"16,06,2022",,Ukraine,
Bayrak,Artillerie russe,"16,06,2022",,Ukraine,
Peremoha,Artillerie russe,"16,06,2022",,Ukraine,
Rubizhne K,Artillerie russe,"16,06,2022",,Ukraine,
Verkhnii Saltiv,Artillerie russe,"16,06,2022",,Ukraine,
Lebyazhe,Artillerie russe,"16,06,2022",,Ukraine,
Severodonetsk,Combats,"16,06,2022",,Contesté,
Severodonetsk,Artillerie russe,"16,06,2022",,Contesté,
Lysychansk,Artillerie russe,"16,06,2022",,Ukraine,
Ustynivka,Artillerie russe,"16,06,2022",,Ukraine,
Loskutivka,Artillerie russe,"16,06,2022",,Ukraine,proche severodonetsk
Metolkine,Artillerie russe,"16,06,2022",,Contesté,
Borivske,Artillerie russe,"16,06,2022",,Ukraine,
New York,Artillerie russe,"16,06,2022",,Ukraine,
Pokrovske,Artillerie russe,"16,06,2022",,Ukraine,
Berestov,Combats,"16,06,2022",,Ukraine,
Mykolaivka,Artillerie russe,"16,06,2022",,Ukraine,
Severodonetsk,Combats,"17,06,2022",,Contesté,
Lysychansk,Artillerie russe,"17,06,2022",,Ukraine,
Dmytrivka,Combats,"17,06,2022",,Ukraine,
Mykolaïv,Bombardement,"17,06,2022",,Ukraine,
Soldatske,Combats,"16,06,2022",,Ukraine,
Pravdyne,Combats,"16,06,2022",,Ukraine,
Oleksandrivka,Combats,"16,06,2022",,Ukraine,
Kyselivka,Combats,"17,06,2022",,Russie,
île des serpents,Navire coulé,"17,06,2022",,Russie,
Zolote,Combats,"17,06,2022",,Ukraine,
Ustynivka,Artillerie russe,"17,06,2022",,Ukraine,
Dibrovne,Artillerie russe,"17,06,2022",,Ukraine,
Virnopillya,Artillerie russe,"17,06,2022",,Ukraine,
Krasnopillya,Combats,"17,06,2022",,Ukraine,
Bohorodychne,Combats,"17,06,2022",,Contesté,
Dolyna,Artillerie russe,"17,06,2022",,Ukraine,
Vasylivka,Combats,"17,06,2022",,Contesté,
Krasnyi Luch,Bombardement,"17,06,2022",,Russie,
Toshkivka,Combats,"19,06,2022",,Ukraine,
Zolote,Combats,"19,06,2022",,Ukraine,
Hirsk,Combats,"19,06,2022",,Ukraine,
Severodonetsk,Combats,"19,06,2022",,Contesté,
Lysychansk,Artillerie russe,"19,06,2022",,Ukraine,
Pravdyne,Combats,"19,06,2022",,Russie,
Kyselivka,Combats,"19,06,2022",,Russie,
Oleksandrivka,Combats,"19,06,2022",,Ukraine,
Soldatske,Combats,"19,06,2022",,Ukraine,
Donetsk,Artillerie Ukrainienne,"18,06,2022",,Russie,
Donetsk,Artillerie Ukrainienne,"19,06,2022",,Russie,
Ternova,Combats,"18,06,2022",,Russie,
Bayrak,Combats,"18,06,2022",,Ukraine,
Rubizhne,Combats,"18,06,2022",,Ukraine,
Vesele,Combats,"18,06,2022",,Ukraine,
Kharkiv,Bombardement,"18,06,2022",,Ukraine,
Hrushuvakha,Artillerie russe,"18,06,2022",,Ukraine,
Dibrovne,Artillerie russe,"18,06,2022",,Ukraine,
Krasnopillya,Combats,"18,06,2022",,Ukraine,
Dolyna,Artillerie russe,"18,06,2022",,Ukraine,
Sydorove,Artillerie russe,"18,06,2022",,Ukraine,lyman
Mayake,Artillerie russe,"18,06,2022",,Ukraine,lyman
Lysychansk,Artillerie russe,"18,06,2022",,Ukraine,
Severodonetsk,Combats,"18,06,2022",,Ukraine,
Metolkine,Combats,"18,06,2022",,Ukraine,
Voronove,Artillerie russe,"18,06,2022",,Ukraine,
Spirne,Artillerie russe,"18,06,2022",,Ukraine,Donetsk
Berestov,Combats,"18,06,2022",,Ukraine,
Hirsk,Combats,"18,06,2022",,Ukraine,
Zolote,Artillerie russe,"18,06,2022",,Ukraine,
Soledar,Artillerie russe,"18,06,2022",,Ukraine,
Klynove,Artillerie russe,"18,06,2022",,Ukraine,Donetsk
Kodema,Combats,"18,06,2022",,Ukraine,Donetsk
Zhelanne,Artillerie russe,"18,06,2022",,Ukraine,Donetsk
Orlivka,Artillerie russe,"18,06,2022",,Ukraine,Donetsk
Opytne,Artillerie russe,"18,06,2022",,Ukraine,Donetsk
Vodyane,Artillerie russe,"18,06,2022",,Ukraine,Donetsk
Dementiivka,Artillerie russe,"18,06,2022",,Ukraine,
Bayrak,Artillerie russe,"18,06,2022",,Ukraine,
Verkhnii Saltiv,Artillerie russe,"18,06,2022",,Ukraine,
Tsyrkuny,Artillerie russe,"18,06,2022",,Ukraine,
Shcherbaky,Artillerie russe,"18,06,2022",,Ukraine,zaporizhia
Novodanylivka,Artillerie russe,"18,06,2022",,Ukraine,zaporizhia
Malynivka,Artillerie russe,"18,06,2022",,Ukraine,
Temyrivka,Artillerie russe,"18,06,2022",,Ukraine,zaporizhia
Velyka Komyshuvakha,Combats,"18,06,2022",,Contesté,
Krasnopillya,Combats,"18,06,2022",,Ukraine,
Dolyna,Combats,"18,06,2022",,Ukraine,
Metolkine,Combats,"19,06,2022",,Russie,
Vesele,Combats,"20,06,2022",,Russie,
Bohorodychne,Combats,"20,06,2022",,Contesté,
Myrna Dolyna,Combats,"20,06,2022",,Ukraine,
Bila Hora,Combats,"20,06,2022",,Ukraine,
Toshkivka,Combats,"20,06,2022",,Russie,
Mykolaivka,Combats,"20,06,2022",,Ukraine,
Dolyna,Combats,"20,06,2022",,Contesté,
Bilozerka,Artillerie Ukrainienne,"20,06,2022",,Russie,
Chepil,Artillerie russe,"20,06,2022",,Ukraine,
Velyka Komyshuvakha,Artillerie russe,"20,06,2022",,Ukraine,
Virnopillya,Artillerie russe,"20,06,2022",,Ukraine,
Dibrovne,Artillerie russe,"20,06,2022",,Ukraine,
Kurulka,Artillerie russe,"20,06,2022",,Ukraine,
Mazanivka,Artillerie russe,"20,06,2022",,Ukraine,
Krasnopillya,Artillerie russe,"20,06,2022",,Ukraine,
Dolyna,Artillerie russe,"20,06,2022",,Ukraine,
Bohorodychne,Artillerie russe,"20,06,2022",,Ukraine,
Pryshyb,Artillerie russe,"20,06,2022",,Ukraine,
Mayake,Artillerie russe,"20,06,2022",,Ukraine,
Mykolaivka,Artillerie russe,"20,06,2022",,Ukraine,
Lysychansk,Artillerie russe,"20,06,2022",,Ukraine,
Severodonetsk,Artillerie russe,"20,06,2022",,Ukraine,
Syrotyne,Artillerie russe,"20,06,2022",,Ukraine,
Voronove,Artillerie russe,"20,06,2022",,Ukraine,
Borivske,Artillerie russe,"20,06,2022",,Ukraine,
Ustynivka,Artillerie russe,"20,06,2022",,Ukraine,
Toshkivka,Artillerie russe,"20,06,2022",,Russie,
Hirsk,Artillerie russe,"20,06,2022",,Ukraine,
Orikhove,Artillerie russe,"20,06,2022",,Ukraine,
Zolote,Artillerie russe,"20,06,2022",,Ukraine,
Berestov,Artillerie russe,"20,06,2022",,Ukraine,
Bilohorivka B,Artillerie russe,"20,06,2022",,Ukraine,
Pokrovske,Artillerie russe,"20,06,2022",,Ukraine,
Yakovlivka,Artillerie russe,"20,06,2022",,Ukraine,
Klynove,Artillerie russe,"20,06,2022",,Ukraine,
Zaytseve,Artillerie russe,"20,06,2022",,Ukraine,
Severodonetsk,Combats,"20,06,2022",,Contesté,
Kyselivka,Combats,"20,06,2022",,Contesté,
Pravdyne,Combats,"20,06,2022",,Contesté,
Oleksandrivka,Combats,"20,06,2022",,Contesté,
Kharkiv,Artillerie russe,"21,06,2022",,Ukraine,
Mali Shcherbaky,Artillerie russe,"21,06,2022",,Ukraine,zaporizhia
Kostiantynivka,Artillerie russe,"21,06,2022",,Ukraine,
Zaliznychne,Artillerie russe,"21,06,2022",,Ukraine,zaporizhia
Hulyaipole,Artillerie russe,"21,06,2022",,Ukraine,
Malynivka,Artillerie russe,"21,06,2022",,Ukraine,
Vuhledar,Artillerie russe,"21,06,2022",,Ukraine,Donestk
Novomykhailivka,Artillerie russe,"21,06,2022",,Ukraine,
Marinka,Artillerie russe,"21,06,2022",,Ukraine,
Marinka,Combats,"21,06,2022",,Ukraine,
Netaylove,Artillerie russe,"21,06,2022",,Ukraine,Donestk
Avdiyivka,Artillerie russe,"21,06,2022",,Ukraine,
Kamyanka,Artillerie russe,"21,06,2022",,Ukraine,
Ocheretyne,Artillerie russe,"21,06,2022",,Ukraine,
New York,Artillerie russe,"21,06,2022",,Ukraine,
Myrna Dolyna,Combats,"21,06,2022",,Ukraine,
Severodonetsk,Combats,"21,06,2022",,Contesté,
Lysychansk,Artillerie russe,"21,06,2022",,Ukraine,
Ustynivka,Combats,"21,06,2022",,Russie,
Hirsk,Combats,"21,06,2022",,Contesté,
Vershyna,Combats,"21,06,2022",,Contesté,
Semyhirya,Combats,"21,06,2022",,Contesté,
Hrushuvakha,Artillerie russe,"21,06,2022",,Ukraine,
Virnopillya,Artillerie russe,"21,06,2022",,Ukraine,
Mazanivka,Artillerie russe,"21,06,2022",,Ukraine,
Adamivka,Artillerie russe,"21,06,2022",,Ukraine,kharkiv
Dolyna,Combats,"21,06,2022",,Ukraine,
Bohorodychne,Combats,"21,06,2022",,Ukraine,
Syrotyne,Combats,"21,06,2022",,Ukraine,
Mykolaivka,Artillerie russe,"21,06,2022",,Ukraine,
Pokrovske,Artillerie russe,"21,06,2022",,Ukraine,
Bilohorivka B,Artillerie russe,"21,06,2022",,Ukraine,
Dementiivka,Artillerie russe,"21,06,2022",,Ukraine,
Petrivka,Artillerie russe,"21,06,2022",,Ukraine,kharkiv
Verkhnii Saltiv,Artillerie russe,"21,06,2022",,Ukraine,
Rubizhne K,Artillerie russe,"21,06,2022",,Ukraine,
Kozacha Lopan,Artillerie Ukrainienne,"21,06,2022",,Russie,
Mali Prokhody,Artillerie Ukrainienne,"21,06,2022",,Russie,kharkiv
île des serpents,Bombardement,"21,06,2022",,Russie,
Kyselivka,Combats,"22,06,2022",,Ukraine,
Pavlivka,Combats,"22,06,2022",,Ukraine,Donestk
Yehorivka,Combats,"22,06,2022",,Inconnu,Donestk
Myrna Dolyna,Combats,"22,06,2022",,Russie,
Podilsne,Combats,"22,06,2022",,Russie,proche lysychansk
Nova Dmytrivka,Artillerie russe,"22,06,2022",,Ukraine,
Ivanivka,Artillerie russe,"22,06,2022",,Ukraine,
Kurulka,Artillerie russe,"22,06,2022",,Ukraine,
Adamivka,Artillerie russe,"22,06,2022",,Ukraine,
Lysychansk,Artillerie russe,"22,06,2022",,Ukraine,
Severodonetsk,Combats,"22,06,2022",,Contesté,
Katerynivka,Combats,"22,06,2022",,Ukraine,
Semyhirya,Combats,"22,06,2022",,Ukraine,
Pravdyne,Combats,"22,06,2022",,,
Orikhove,Combats,"22,06,2022",,Russie,
Hirsk,Combats,"22,06,2022",,Inconnu,
Loskutivka,Combats,"23,06,2022",,Russie,
Rai-Oleksandrivka,Combats,"23,06,2022",,Russie,
Zolote,Combats,"23,06,2022",,Inconnu,
Katerynivka,Combats,"23,06,2022",,Contesté,
Dmytrivka,Combats,"23,06,2022",,Russie,
Vovchoyarivka,Combats,"23,06,2022",,Contesté,
Ustynivka,Combats,"23,06,2022",,Inconnu,
Lysychansk,Combats,"23,06,2022",,Ukraine,
Bakhmut,Artillerie russe,"23,06,2022",,Ukraine,
Syrotyne,Artillerie russe,"23,06,2022",,Ukraine,
Lysychansk,Artillerie russe,"23,06,2022",,Ukraine,
Voronove,Artillerie russe,"23,06,2022",,Ukraine,
Myrna Dolyna,Artillerie russe,"23,06,2022",,Ukraine,
Borivske,Combats,"23,06,2022",,Ukraine,
Mykolaivka,Combats,"23,06,2022",,Russie,
Vershyna,Combats,"23,06,2022",,Ukraine,
Hirsk,Combats,"23,06,2022",,Contesté,
Berestov,Artillerie russe,"23,06,2022",,Ukraine,
Klynove,Artillerie russe,"23,06,2022",,Ukraine,
Novoluhanske,Artillerie russe,"23,06,2022",,Ukraine,
Pokrovske,Artillerie russe,"23,06,2022",,Ukraine,
Kodema,Artillerie russe,"23,06,2022",,Ukraine,
Pavlivka,Artillerie russe,"23,06,2022",,Ukraine,
Vuhledar,Artillerie russe,"23,06,2022",,Ukraine,
Hirsk,Combats,"24,06,2022",,Russie,
Zolote,Combats,"24,06,2022",,Russie,
Borivske,Combats,"24,06,2022",,Ukraine,
Severodonetsk,Combats,"24,06,2022",,Contesté,
Lysychansk,Bombardement,"24,06,2022",,Ukraine,
Vovchoyarivka,Artillerie russe,"24,06,2022",,Ukraine,
Spirne,Artillerie russe,"24,06,2022",,Ukraine,
Mykolaivka,Artillerie russe,"24,06,2022",,Ukraine,
Berestov,Artillerie russe,"24,06,2022",,Ukraine,
Bila Hora,Artillerie russe,"24,06,2022",,Ukraine,
Myrna Dolyna,Combats,"24,06,2022",,Russie,
Petrivske,Artillerie russe,"24,06,2022",,Ukraine,
Chernova Polyana,Artillerie russe,"24,06,2022",,Ukraine,
Chervone,Artillerie russe,"24,06,2022",,Ukraine,
Ridne,Artillerie russe,"24,06,2022",,Ukraine,
Kurulka,Artillerie russe,"24,06,2022",,Ukraine,
Krasnopillya,Artillerie russe,"24,06,2022",,Ukraine,
Bohorodychne,Artillerie russe,"24,06,2022",,Ukraine,
Pravdyne,Combats,"24,06,2022",,Contesté,
Soldatske,Combats,"24,06,2022",,Ukraine,
Posad-Pokrovske,Combats,"24,06,2022",,Ukraine,
Hirsk,Combats,"25,06,2022",,Russie,
Severodonetsk,Combats,"25,06,2022",,Russie,
Pokrovske,Combats,"25,06,2022",,Ukraine,
Volodymyrivka,Combats,"25,06,2022",,Russie,
Olhyne,Mouvement de troupes,"25,06,2022",,Abandonné,
Sloviansk,Aéronef abattu,"24,06,2022",,Ukraine,
Novopil,Artillerie russe,"23,06,2022",,Ukraine,front sud
Novosilka,Combats,"23,06,2022",,Ukraine,front sud
Vremivka,Combats,"23,06,2022",,Ukraine,front sud
Neskuchne,Combats,"23,06,2022",,Ukraine,front sud
Shevchenke,Combats,"23,06,2022",,Contesté,
Pavlivka,Artillerie russe,"23,06,2022",,Ukraine,
Vuhledar,Artillerie russe,"23,06,2022",,Ukraine,
Prechystivka,Artillerie russe,"23,06,2022",,Ukraine,front sud
Bohorodychne,Combats,"25,06,2022",,Ukraine,
Mazanivka,Combats,"25,06,2022",,Ukraine,
Mayake,Artillerie russe,"25,06,2022",,Ukraine,
Pyskunivka,Artillerie russe,"25,06,2022",,Ukraine,kramatorsk
Siversk,Artillerie russe,"25,06,2022",,Ukraine,kramatorsk
Vovchoyarivka,Artillerie russe,"25,06,2022",,Ukraine,
Loskutivka,Artillerie russe,"25,06,2022",,Ukraine,
Bila Hora,Artillerie russe,"25,06,2022",,Ukraine,
Verkhnokamyanka,Artillerie russe,"25,06,2022",,Ukraine,lysychansk
Verkhnyokamyanske ,Artillerie russe,"25,06,2022",,Ukraine,lysychansk
Vyimka ,Artillerie russe,"25,06,2022",,Ukraine,lysychansk
Zolotarivka ,Artillerie russe,"25,06,2022",,Ukraine,lysychansk
Kostiantynivka,Artillerie russe,"25,06,2022",,Ukraine,
Pokrovske,Artillerie russe,"25,06,2022",,Ukraine,
Mykolaivka,Artillerie russe,"25,06,2022",,Ukraine,
Vershyna,Artillerie russe,"25,06,2022",,Ukraine,
Berestov,Artillerie russe,"25,06,2022",,Ukraine,
Zaitseve,Artillerie russe,"25,06,2022",,Ukraine,bakhmut
Klynove,Artillerie russe,"25,06,2022",,Ukraine,
New York,Artillerie russe,"25,06,2022",,Ukraine,
Volodymyrivka,Artillerie russe,"25,06,2022",,Ukraine,
Ivano-Daryivka,Artillerie russe,"25,06,2022",,Ukraine,bakhmut
Svatove,Bombardement,"25,06,2022",,Russie,donetsk ?
Pokrovske,Combats,"25,06,2022",,Ukraine,
New York,Combats,"25,06,2022",,Ukraine,
Marinka,Combats,"25,06,2022",,Ukraine,
Vysokopillya,Combats,"26,06,2022",,Ukraine,
Hrushuvakha,Artillerie russe,"26,06,2022",,Ukraine,
Virnopillya,Artillerie russe,"26,06,2022",,Ukraine,
Nova Dmytrivka,Artillerie russe,"26,06,2022",,Ukraine,
Vesele,Artillerie russe,"26,06,2022",,Ukraine,
Dibrovne,Artillerie russe,"26,06,2022",,Ukraine,
Mazanivka,Combats,"26,06,2022",,Ukraine,
Dovgenke,Artillerie russe,"26,06,2022",,Ukraine,
Kurulka,Artillerie russe,"26,06,2022",,Ukraine,
Khrestyshche,Artillerie russe,"26,06,2022",,Ukraine,Izyum
Novopavlivka,Artillerie russe,"26,06,2022",,Ukraine,Izyum
Adamivka,Artillerie russe,"26,06,2022",,Ukraine,
Krasnopillya,Artillerie russe,"26,06,2022",,Ukraine,
Bohorodychne,Artillerie russe,"26,06,2022",,Ukraine,
Mayake,Artillerie russe,"26,06,2022",,Ukraine,
Pyskunivka,Artillerie russe,"26,06,2022",,Ukraine,
Verkhnokamyanka,Artillerie russe,"26,06,2022",,Ukraine,
Zolotarivka ,Artillerie russe,"26,06,2022",,Ukraine,
Siversk,Artillerie russe,"26,06,2022",,Ukraine,
Vovchoyarivka,Artillerie russe,"26,06,2022",,Ukraine,
Vyyimka,Artillerie russe,"26,06,2022",,Ukraine,lysychansk
Verkhnokamyanske,Artillerie russe,"26,06,2022",,Ukraine,lysychansk
Bila Hora,Artillerie russe,"26,06,2022",,Contesté,
Loskutivka,Artillerie Ukrainienne,"26,06,2022",,Russie,
Lysychansk,Combats,"26,06,2022",,Ukraine,
Bilohirya,Artillerie russe,"26,06,2022",,Ukraine,zaporizhia
Hulyapilske,Artillerie russe,"26,06,2022",,Ukraine,zaporizhia
Hulyaipole,Artillerie russe,"26,06,2022",,Ukraine,
Chervone,Artillerie russe,"26,06,2022",,Ukraine,
Malynivka,Artillerie russe,"26,06,2022",,Ukraine,
Novopil,Artillerie russe,"26,06,2022",,Ukraine,
Novosilka,Artillerie russe,"26,06,2022",,Ukraine,
Zelene Pole,Artillerie russe,"26,06,2022",,Ukraine,
Velyka Novosilka,Artillerie russe,"26,06,2022",,Ukraine,sud donetsk
Zoleta Nyva,Artillerie russe,"26,06,2022",,Ukraine,sud donetsk
Prechystivka,Artillerie russe,"26,06,2022",,Ukraine,
Shevchenke,Artillerie russe,"26,06,2022",,Ukraine,
Pavlivka,Artillerie russe,"26,06,2022",,Ukraine,
Volodymyrivka,Artillerie russe,"26,06,2022",,Inconnu,
Shevchenke,Combats,"26,06,2022",,Ukraine,
Novomaiorske,Combats,"26,06,2022",,Ukraine,sud donetsk
Yehorivka,Combats,"26,06,2022",,Ukraine,
Kyiv,Bombardement,"26,06,2022",,Ukraine,
Cherkassy,Bombardement,"26,06,2022",,Ukraine,
Mykolaïv,Bombardement,"26,06,2022",,Ukraine,
île des serpents,Artillerie Ukrainienne,"26,06,2022",,Russie,
Dementiivka,Combats,"27,06,2022",,Ukraine,
Pytomnyk,Combats,"27,06,2022",,Ukraine,
Ruska Lozova,Artillerie russe,"27,06,2022",,Ukraine,
Kharkiv,Artillerie russe,"27,06,2022",,Ukraine,
Zamulivka,Artillerie russe,"27,06,2022",,Ukraine,kharkiv
Fedorivka,Artillerie russe,"27,06,2022",,Ukraine,
Shestakove,Artillerie russe,"27,06,2022",,Ukraine,
Peremoha,Artillerie russe,"27,06,2022",,Ukraine,
Ukrainka,Artillerie russe,"27,06,2022",,Ukraine,kharkiv
chuhuiv,Artillerie russe,"27,06,2022",,Ukraine,
Vesele,Artillerie russe,"27,06,2022",,Ukraine,
Avdiyivka,Artillerie russe,"27,06,2022",,Ukraine,
Krasnohorivka,Artillerie russe,"27,06,2022",,Ukraine,
Marinka,Combats,"27,06,2022",,Ukraine,
Prechystivka,Artillerie russe,"27,06,2022",,Ukraine,
Shevchenke,Artillerie russe,"27,06,2022",,Ukraine,
Pavlivka,Artillerie russe,"27,06,2022",,Ukraine,
Vuhledar,Artillerie russe,"27,06,2022",,Ukraine,
Dovgenke,Combats,"27,06,2022",,Inconnu,
Mazanivka,Combats,"27,06,2022",,Ukraine,
Dolyna,Combats,"27,06,2022",,Ukraine,
Kurulka,Artillerie russe,"27,06,2022",,Ukraine,
Khrestyshche,Artillerie russe,"27,06,2022",,Ukraine,
Adamivka,Artillerie russe,"27,06,2022",,Ukraine,
Bohorodychne,Artillerie russe,"27,06,2022",,Inconnu,
Mayake,Artillerie russe,"27,06,2022",,Ukraine,
Rayhorodok,Artillerie russe,"27,06,2022",,Ukraine,Sloviansk
Verkhnokamyanka,Combats,"27,06,2022",,Ukraine,
Vovchoyarivka,Combats,"27,06,2022",,Ukraine,
Spirne,Combats,"27,06,2022",,Ukraine,
Berestov,Combats,"27,06,2022",,Ukraine,
Bilohorivka B,Combats,"27,06,2022",,Ukraine,
Yakovlivka,Combats,"27,06,2022",,Ukraine,
Pokrovske,Artillerie russe,"27,06,2022",,Ukraine,
Klynove,Combats,"27,06,2022",,Ukraine,
Vershyna,Combats,"27,06,2022",,Ukraine,
Zaytseve,Combats,"27,06,2022",,Ukraine,
Loskutivka,Combats,"27,06,2022",,Inconnu,
Stepova Dolyna,Artillerie russe,"27,06,2022",,Ukraine,mykolaiv
Kvitneve,Artillerie russe,"27,06,2022",,Ukraine,mykolaiv
Partyzanske,Artillerie russe,"27,06,2022",,Ukraine,mykolaiv
Knyazivka,Artillerie russe,"27,06,2022",,Ukraine,kherson
Potomkyne,Artillerie russe,"27,06,2022",,Ukraine,kherson
Velyka Kostromka,Artillerie russe,"27,06,2022",,Ukraine,kherson
Zelenyi Hai,Combats,"27,06,2022",,Ukraine,kherson
Barvinok,Combats,"27,06,2022",,Ukraine,kherson
Mykolaivka,Combats,"26,06,2022",,Ukraine,
Lysychansk,Artillerie russe,"27,06,2022",,Ukraine,
Alchevsk,Artillerie Ukrainienne,"27,06,2022",,Russie,Luhansk
Myrne,Artillerie russe,"27,06,2022",,Ukraine,mykolaiv
île des serpents,Artillerie Ukrainienne,"27,06,2022",,Russie,
Zymohiria,Artillerie Ukrainienne,"27,06,2022",,Russie,Luhansk
Kremenchuk,Bombardement,"27,06,2022",,Ukraine,
Mykolaïv,Bombardement,"28,06,2022",,Ukraine,
Ochakiv,Bombardement,"28,06,2022",,Ukraine,mykolaiv
Perevalsk,Artillerie Ukrainienne,"28,06,2022",,Russie,luhansk
Vovchoyarivka,Combats,"28,06,2022",,Inconnu,
Loskutivka,Combats,"28,06,2022",,Russie,
Bila Hora,Combats,"28,06,2022",,Russie,
Myrna Dolyna,Combats,"28,06,2022",,Russie,
Pryvillya,Combats,"28,06,2022",,Inconnu,
Lysychansk,Mouvement de troupes,"28,06,2022",,Ukraine,
Berdiansk,Bombardement,"28,06,2022",,Russie,
Kharkiv,Artillerie russe,"28,06,2022",,Ukraine,
Dementiivka,Combats,"28,06,2022",,Ukraine,
Dovhalivka,Combats,"28,06,2022",,Ukraine,kharkiv
Zalyman,Combats,"28,06,2022",,Ukraine,kharkiv
Dolyna,Combats,"28,06,2022",,Ukraine,
Mazanivka,Combats,"28,06,2022",,Ukraine,
Spirne,Combats,"28,06,2022",,Ukraine,
Myronivka,Combats,"28,06,2022",,Ukraine,sud donbas
Pavlivka,Combats,"28,06,2022",,Inconnu,
Oleksandrivka,Combats,"28,06,2022",,Inconnu,
Chornobaivka,Artillerie Ukrainienne,"28,06,2022",,Russie,
Verkhnokamyanka,Combats,"29,06,2022",,Ukraine,
île des serpents,Bombardement,"29,06,2022",,Russie,
Snihurivka,Bombardement,"28,06,2022",,Russie,
Kryvyi Rih,Bombardement,"28,06,2022",,Russie,
Beryslav,Bombardement,"28,06,2022",,Russie,sud
Krasnopillya,Combats,"29,06,2022",,Ukraine,
Bohorodychne,Combats,"29,06,2022",,Contesté,
Lysychansk,Combats,"29,06,2022",,Ukraine,
Vovchoyarivka,Combats,"29,06,2022",,Ukraine,
Klynove,Combats,"29,06,2022",,Contesté,
Midna Ruda,Combats,"29,06,2022",,Russie,
Chepil,Artillerie russe,"28,06,2022",,Ukraine,
Hrushuvakha,Artillerie russe,"28,06,2022",,Ukraine,
Velyka Komyshuvakha,Artillerie russe,"28,06,2022",,Ukraine,
Barvinkove,Artillerie russe,"28,06,2022",,Ukraine,
Kurulka,Artillerie russe,"28,06,2022",,Ukraine,
Dibrovne,Artillerie russe,"28,06,2022",,Ukraine,
Krasnopillya,Artillerie russe,"28,06,2022",,Ukraine,
Bohorodychne,Artillerie russe,"28,06,2022",,Ukraine,
Adamivka,Artillerie russe,"28,06,2022",,Ukraine,
Mayake,Artillerie russe,"28,06,2022",,Ukraine,
Sloviansk,Artillerie russe,"28,06,2022",,Ukraine,
Zvanivka,Artillerie russe,"28,06,2022",,Ukraine,lysychansk
Pereizne,Artillerie russe,"28,06,2022",,Ukraine,lysychansk
Vyimka ,Artillerie russe,"28,06,2022",,Ukraine,
Serebryanka,Artillerie russe,"28,06,2022",,Ukraine,
Lysychansk,Artillerie russe,"28,06,2022",,Ukraine,
Zolotarivka ,Artillerie russe,"28,06,2022",,Ukraine,
Vovchoyarivka,Artillerie russe,"28,06,2022",,Ukraine,
Berestov,Artillerie russe,"28,06,2022",,Ukraine,
Bilohorivka B,Artillerie russe,"28,06,2022",,Ukraine,
Bakhmut,Artillerie russe,"28,06,2022",,Ukraine,
Klynove,Artillerie russe,"28,06,2022",,Ukraine,
Vershyna,Artillerie russe,"28,06,2022",,Ukraine,
Novoluhanske,Artillerie russe,"28,06,2022",,Ukraine,
Travneve,Artillerie russe,"28,06,2022",,Ukraine,
Zaitseve,Artillerie russe,"28,06,2022",,Ukraine,
Husarivka,Artillerie russe,"29,06,2022",,Ukraine,
Hrushuvakha,Artillerie russe,"29,06,2022",,Ukraine,
Dovgenke,Artillerie russe,"29,06,2022",,Ukraine,
Dolyna,Artillerie russe,"29,06,2022",,Ukraine,
Mykilske,Artillerie russe,"29,06,2022",,Ukraine,
Tetyanivka,Artillerie russe,"29,06,2022",,Ukraine,
Bohorodychne,Artillerie russe,"29,06,2022",,Ukraine,
Siversk,Artillerie russe,"29,06,2022",,Ukraine,
Ivano-Daryivka,Artillerie russe,"29,06,2022",,Ukraine,
Vyimka ,Artillerie russe,"29,06,2022",,Ukraine,
Rozdolivka,Artillerie russe,"29,06,2022",,Ukraine,lysychansk
Berestov,Combats,"29,06,2022",,Ukraine,
Spirne,Combats,"29,06,2022",,Ukraine,
Verkhnokamyanka,Combats,"29,06,2022",,Ukraine,
Lysychansk,Artillerie russe,"29,06,2022",,Ukraine,
Kursk,Incident,"28,06,2022",,Russie,
Privillya,Combats,"29,06,2022",,Inconnu,lysychansk
Mykolaïv,Bombardement,"29,06,2022",,Ukraine,
Shcherbaky,Artillerie russe,"30,06,2022",,Ukraine,
Orikhiv,Artillerie russe,"30,06,2022",,Ukraine,
Poltavka,Artillerie russe,"30,06,2022",,Ukraine,
Novosilka,Artillerie russe,"30,06,2022",,Ukraine,
Pavlivka,Combats,"30,06,2022",,Ukraine,
Vuhledar,Artillerie russe,"30,06,2022",,Ukraine,
Novoukrainka,Artillerie russe,"30,06,2022",,Ukraine,proche vuhledar
Marinka,Artillerie russe,"30,06,2022",,Ukraine,
Dibrovne,Artillerie russe,"30,06,2022",,Ukraine,
Mazanivka,Artillerie russe,"30,06,2022",,Ukraine,
Krasnopillya,Artillerie russe,"30,06,2022",,Ukraine,
Zvanivka,Artillerie russe,"30,06,2022",,Ukraine,
Verkhnokamyanka,Combats,"30,06,2022",,Contesté,
Lysychansk,Combats,"30,06,2022",,Contesté,
Vovchoyarivka,Combats,"30,06,2022",,Contesté,
Siversk,Artillerie russe,"30,06,2022",,Ukraine,
Pokrovske,Artillerie russe,"30,06,2022",,Ukraine,
Prudyanka,Artillerie russe,"30,06,2022",,Ukraine,
Dementiivka,Combats,"30,06,2022",,Ukraine,
Pytomnyk,Artillerie russe,"30,06,2022",,Ukraine,
Kharkiv,Artillerie russe,"30,06,2022",,Ukraine,
Peremoha,Artillerie russe,"30,06,2022",,Ukraine,
Ukrainka,Artillerie russe,"30,06,2022",,Ukraine,
Rubizhne K,Artillerie russe,"30,06,2022",,Ukraine,
Verkhnii Saltiv,Artillerie russe,"30,06,2022",,Ukraine,
Potomkyne,Combats,"30,06,2022",,Ukraine,
île des serpents,Bombardement,"30,06,2022",,Abandonné,
Serhiyivka,Bombardement,"01,07,2022",,Ukraine,odesa
île des serpents,Bombardement,"01,07,2022",,Abandonné,
Asiivka,Artillerie russe,"01,07,2022",,Ukraine,kharkiv
Hrushuvakha,Artillerie russe,"01,07,2022",,Ukraine,
Dibrovne,Artillerie russe,"01,07,2022",,Ukraine,
Mykilske,Artillerie russe,"01,07,2022",,Ukraine,
Mazanivka,Artillerie russe,"01,07,2022",,Ukraine,
Dovgenke,Artillerie russe,"01,07,2022",,Inconnu,
Krasnopillya,Artillerie russe,"01,07,2022",,Ukraine,
Dolyna,Artillerie russe,"01,07,2022",,Ukraine,
Bohorodychne,Artillerie russe,"01,07,2022",,Inconnu,
Sydorove,Artillerie russe,"01,07,2022",,Ukraine,
Mayake,Artillerie russe,"01,07,2022",,Ukraine,
Sloviansk,Artillerie russe,"01,07,2022",,Ukraine,
Kryva Luka,Artillerie russe,"01,07,2022",,Ukraine,proche sloviansk
Siversk,Artillerie russe,"01,07,2022",,Ukraine,
Pereizne,Artillerie russe,"01,07,2022",,Ukraine,
Privillya,Artillerie russe,"01,07,2022",,Inconnu,
Lysychansk,Artillerie russe,"01,07,2022",,Ukraine,
Zolotarivka ,Artillerie russe,"01,07,2022",,Ukraine,
Vovchoyarivka,Artillerie russe,"01,07,2022",,Inconnu,
Loskutivka,Artillerie russe,"01,07,2022",,Ukraine,
Berestov,Artillerie russe,"01,07,2022",,Ukraine,
Yakovlivka,Artillerie russe,"01,07,2022",,Ukraine,
Pokrovske,Artillerie russe,"01,07,2022",,Ukraine,
Bakhmut,Artillerie russe,"01,07,2022",,Ukraine,
Klynove,Artillerie russe,"01,07,2022",,Ukraine,
Vershyna,Artillerie russe,"01,07,2022",,Ukraine,
Kodema,Artillerie russe,"01,07,2022",,Ukraine,
Novoluhanske,Artillerie russe,"01,07,2022",,Ukraine,
Travneve,Artillerie russe,"01,07,2022",,Ukraine,
Zaytseve,Artillerie russe,"01,07,2022",,Ukraine,
New York,Artillerie russe,"01,07,2022",,Ukraine,
Vovchoyarivka,Combats,"01,07,2022",,Ukraine,
Lysychansk,Combats,"01,07,2022",,Ukraine,
Novodruzhesk,Combats,"01,07,2022",,Ukraine,lysychansk
Topolivka,Combats,"01,07,2022",,Inconnu,lysychansk
Barvinkove,Artillerie russe,"02,07,2022",,Ukraine,
Kurulka,Artillerie russe,"02,07,2022",,Ukraine,
Dolyna,Artillerie russe,"02,07,2022",,Ukraine,
Adamivka,Artillerie russe,"02,07,2022",,Ukraine,
Bilohorivka,Artillerie russe,"02,07,2022",,Ukraine,
Kodema,Artillerie russe,"02,07,2022",,Ukraine,
Bohorodychne,Combats,"02,07,2022",,Ukraine,
Berestov,Combats,"02,07,2022",,Ukraine,
Verkhnokamyanka,Combats,"02,07,2022",,Russie,
Zolotarivka ,Artillerie russe,"02,07,2022",,Ukraine,
Ivanivka,Combats,"02,07,2022",,Ukraine,
Arkhanhelske,Combats,"02,07,2022",,Contesté,Kherson
Lysychansk,Combats,"02,07,2022",,Contesté,
île des serpents,Bombardement,"01,07,2022",,Abandonné,
Chornobaivka,Artillerie Ukrainienne,"02,07,2022",,Russie,
Kiselivka,Artillerie Ukrainienne,"02,07,2022",,Contesté,Kherson
Shypylivka,Combats,"02,07,2022",,Russie,lysychansk
Stanislav,Combats,"02,07,2022",,Ukraine,
Shyrokabalka,Fortification,"02,07,2022",,Russie,Kherson
Tomynabalka,Fortification,"02,07,2022",,Russie,Kherson
Pravdyne,Combats,"02,07,2022",,Ukraine,
Stepova Dolyna,Combats,"02,07,2022",,Contesté,
Klapaya,Combats,"02,07,2022",,Ukraine,
Zelenyi Hai,Combats,"02,07,2022",,Ukraine,
Barvinok,Combats,"02,07,2022",,Ukraine,
Zolotarivka ,Combats,"03,07,2022",,Russie,
Klynove,Combats,"03,07,2022",,Contesté,
Bilohorivka,Combats,"03,07,2022",,Russie,
Sloviansk,Artillerie russe,"03,07,2022",,Ukraine,
Virnopillya,Artillerie russe,"03,07,2022",,Ukraine,
Dibrovne,Artillerie russe,"03,07,2022",,Ukraine,
Sukha Kamyanka,Artillerie Ukrainienne,"03,07,2022",,Russie,Izyum
Krasnopillya,Artillerie russe,"03,07,2022",,Ukraine,
Mayake,Artillerie russe,"03,07,2022",,Ukraine,
Pokrovske,Artillerie russe,"03,07,2022",,Ukraine,
Novoluhanske,Artillerie russe,"03,07,2022",,Ukraine,
Travneve,Artillerie russe,"03,07,2022",,Ukraine,
Mazanivka,Combats,"03,07,2022",,Ukraine,
Spirne,Combats,"03,07,2022",,Ukraine,
Ivanivka,Combats,"03,07,2022",,Ukraine,
Novodruzhesk,Combats,"03,07,2022",,Russie,
Nesteryanka,Combats,"03,07,2022",,Russie,zaporizhia
Lyubymivka,Incident,"03,07,2022",,Russie,zaporizhia
Polohy,Artillerie russe,"03,07,2022",,Russie,
Charivne,Artillerie russe,"03,07,2022",,Ukraine,zaporizhia
Vremivka,Artillerie russe,"03,07,2022",,Ukraine,
Shevchenke,Artillerie russe,"03,07,2022",,Ukraine,
Novomykhailivka,Artillerie russe,"03,07,2022",,Ukraine,
Kursk,Bombardement,"03,07,2022",,Russie,
Belgorod,Bombardement,"03,07,2022",,Russie,
Velyka Komyshuvakha,Artillerie russe,"04,07,2022",,Ukraine,
Virnopillya,Artillerie russe,"04,07,2022",,Ukraine,
Dibrovne,Artillerie russe,"04,07,2022",,Ukraine,
Krasnopillya,Artillerie russe,"04,07,2022",,Ukraine,
Dolyna,Artillerie russe,"04,07,2022",,Ukraine,
Bohorodychne,Artillerie russe,"04,07,2022",,Ukraine,
Tetyanivka,Artillerie russe,"04,07,2022",,Ukraine,
Spirne,Artillerie russe,"04,07,2022",,Ukraine,
Vershyna,Artillerie russe,"04,07,2022",,Ukraine,
Mazanivka,Combats,"04,07,2022",,Ukraine,
Bilohorivka,Combats,"04,07,2022",,Contesté,
Berestov,Combats,"04,07,2022",,Ukraine,
Centrale de Vuhlehirska,Combats,"04,07,2022",,Ukraine,entre popasna et horlivka
Donetsk,Artillerie Ukrainienne,"04,07,2022",,Russie,
Bilozerka,Artillerie Ukrainienne,"04,07,2022",,Russie,
Snizhne,Artillerie Ukrainienne,"04,07,2022",,Russie,Donetsk
Petrivka,Artillerie russe,"04,07,2022",,Ukraine,
Cherkasky Tyshky,Artillerie russe,"04,07,2022",,Ukraine,
Kharkiv,Artillerie russe,"04,07,2022",,Ukraine,
Marinka,Combats,"04,07,2022",,Ukraine,
Vuhledar,Combats,"04,07,2022",,Ukraine,
Novomykhailivka,Combats,"04,07,2022",,Ukraine,
Vasylivka,Combats,"04,07,2022",,Contesté,
Klynove,Combats,"04,07,2022",,Inconnu,
Pokrovske,Artillerie russe,"04,07,2022",,Ukraine,
Zolotarivka ,Combats,"04,07,2022",,Russie,
Potomkyne,Combats,"04,07,2022",,Ukraine,
Ivanivka,Combats,"04,07,2022",,Ukraine,
Prudyanka,Combats,"04,07,2022",,Ukraine,
île des serpents,Mouvement de troupes,"04,07,2022",,Ukraine,
Lozove,Combats,"05,07,2022",,Ukraine,
Bilohorivka,Combats,"05,07,2022",,Ukraine,
Solodke,Combats,"05,07,2022",,Ukraine,
Verkhnokamyanske,Combats,"05,07,2022",,Ukraine,
Spirne,Combats,"05,07,2022",,Russie,
Donetsk,Artillerie Ukrainienne,"05,07,2022",,Russie,
Kadiivka,Artillerie Ukrainienne,"05,07,2022",,Russie,Luhansk
Yakovlivka,Artillerie Ukrainienne,"05,07,2022",,Russie,
Lupareve,Artillerie russe,"05,07,2022",,Ukraine,mykolaiv
Myrne,Artillerie russe,"05,07,2022",,Ukraine,Kherson
Shevchenkove,Artillerie russe,"05,07,2022",,Ukraine,mykolaiv
Partyzanske,Artillerie russe,"05,07,2022",,Ukraine,
Chernova Dolyna,Artillerie russe,"05,07,2022",,Ukraine,mykolaiv
Kobzartsi,Artillerie russe,"05,07,2022",,Ukraine,mykolaiv
Bereznehuvate,Artillerie russe,"05,07,2022",,Ukraine,mykolaiv
Zarichne,Artillerie russe,"05,07,2022",,Ukraine,
Ivanivka,Artillerie russe,"05,07,2022",,Ukraine,
Knyazivka,Artillerie russe,"05,07,2022",,Ukraine,
Topolyne,Artillerie russe,"05,07,2022",,Ukraine,zaporizhia
Potomkyne,Artillerie russe,"05,07,2022",,Ukraine,
Dobryanka,Artillerie russe,"05,07,2022",,Ukraine,zaporizhia
Osokorivka,Artillerie russe,"05,07,2022",,Ukraine,
Olhyne,Artillerie russe,"05,07,2022",,Ukraine,
Pervomaysk,Artillerie russe,"05,07,2022",,Ukraine,
Chepil,Artillerie russe,"05,07,2022",,Ukraine,
Nova Mykolayivka,Artillerie russe,"05,07,2022",,Ukraine,kharkiv
Dibrovne,Artillerie russe,"05,07,2022",,Ukraine,
Mazanivka,Artillerie russe,"05,07,2022",,Ukraine,
Krasnopillya,Artillerie russe,"05,07,2022",,Ukraine,
Adamivka,Artillerie russe,"05,07,2022",,Ukraine,
Bohorodychne,Artillerie russe,"05,07,2022",,Ukraine,
Tetyanivka,Artillerie russe,"05,07,2022",,Ukraine,
Ivano-Daryivka,Artillerie russe,"05,07,2022",,Ukraine,
Zvanivka,Artillerie russe,"05,07,2022",,Ukraine,
Berestov,Artillerie russe,"05,07,2022",,Ukraine,
Soledar,Artillerie russe,"05,07,2022",,Ukraine,
Pokrovske,Artillerie russe,"05,07,2022",,Ukraine,
Kodema,Artillerie russe,"05,07,2022",,Ukraine,
Novoluhanske,Artillerie russe,"05,07,2022",,Ukraine,
Shumy,Artillerie russe,"05,07,2022",,Ukraine,Donestk
Dolyna,Combats,"05,07,2022",,Ukraine,
Novoluhanske,Combats,"05,07,2022",,Ukraine,
Yasynuvata,Artillerie Ukrainienne,"05,07,2022",,Russie,
Pravdyne,Combats,"05,07,2022",,Ukraine,
Myrne,Combats,"05,07,2022",,Ukraine,
Vershyna,Combats,"05,07,2022",,Ukraine,
Zaytseve,Artillerie russe,"05,07,2022",,Ukraine,
Adamivka,Artillerie russe,"05,07,2022",,Ukraine,
Sosnivka,Combats,"05,07,2022",,Ukraine,
Dementiivka,Artillerie russe,"05,07,2022",,Ukraine,
Nove,Artillerie russe,"05,07,2022",,Ukraine,
Ruski Tyshky,Artillerie russe,"05,07,2022",,Ukraine,
Tsyrkuny,Artillerie russe,"05,07,2022",,Ukraine,
Kutuzivka,Artillerie russe,"05,07,2022",,Ukraine,
Klynove,Combats,"05,07,2022",,Russie,
Lozove,Combats,"06,07,2022",,Ukraine,
Novoluhanske,Combats,"06,07,2022",,Ukraine,
Vershyna,Combats,"06,07,2022",,Ukraine,
Donetsk,Artillerie Ukrainienne,"06,07,2022",,Russie,
Bilohorivka,Combats,"06,07,2022",,Ukraine,
Orekhove,Artillerie Ukrainienne,"06,07,2022",,Russie,Nord-est donestk
Kherson,Incident,"06,07,2022",,Russie,
Kyselivka,Artillerie Ukrainienne,"06,07,2022",,Russie,
Mazanivka,Combats,"06,07,2022",,Ukraine,
Dolyna,Combats,"06,07,2022",,Ukraine,
Hryhorivka,Combats,"06,07,2022",,Ukraine,saillant
Verkhnokamyanka,Combats,"06,07,2022",,Ukraine,
Spirne,Combats,"06,07,2022",,Ukraine,
Krasnopillya,Artillerie russe,"06,07,2022",,Ukraine,
Bohorodychne,Artillerie russe,"06,07,2022",,Ukraine,
Siversk,Artillerie russe,"06,07,2022",,Ukraine,
Berestov,Artillerie russe,"06,07,2022",,Ukraine,
Bilohorivka B,Artillerie russe,"06,07,2022",,Ukraine,
Travneve,Artillerie russe,"06,07,2022",,Ukraine,
Shumy,Artillerie russe,"06,07,2022",,Ukraine,
New York,Artillerie russe,"06,07,2022",,Ukraine,
Sloviansk,Artillerie russe,"06,07,2022",,Ukraine,
Kramatorsk,Artillerie russe,"06,07,2022",,Ukraine,
Kharkiv,Artillerie russe,"06,07,2022",,Ukraine,
Makiivka,Artillerie Ukrainienne,"06,07,2022",,Russie,
Donetsk,Artillerie Ukrainienne,"06,07,2022",,Russie,
Pavlivka,Combats,"07,07,2022",,Ukraine,
Marinka,Combats,"07,07,2022",,Ukraine,
Bilohirya,Combats,"07,07,2022",,Inconnu,
Donetsk,Artillerie Ukrainienne,"07,07,2022",,Russie,
Kharkiv,Artillerie russe,"07,07,2022",,Ukraine,
Debaltseve,Artillerie Ukrainienne,"07,07,2022",,Russie,
Kramatorsk,Artillerie russe,"07,07,2022",,Ukraine,
Sloviansk,Artillerie russe,"07,07,2022",,Ukraine,
Kherson,Artillerie Ukrainienne,"07,07,2022",,Russie,
Chepil,Artillerie russe,"07,07,2022",,Ukraine,
Kurulka,Artillerie russe,"07,07,2022",,Ukraine,
Mazanivka,Artillerie russe,"07,07,2022",,Ukraine,
Dolyna,Artillerie russe,"07,07,2022",,Ukraine,
Adamivka,Artillerie russe,"07,07,2022",,Ukraine,
Bohorodychne,Artillerie russe,"07,07,2022",,Ukraine,
Kryva Luka,Artillerie russe,"07,07,2022",,Ukraine,
Hryhorivka,Artillerie russe,"07,07,2022",,Ukraine,
Ivano-Daryivka,Artillerie russe,"07,07,2022",,Ukraine,
Spirne,Artillerie russe,"07,07,2022",,Ukraine,
Kuzmynivka,Artillerie russe,"07,07,2022",,Ukraine,
Semyhirya,Artillerie russe,"07,07,2022",,Ukraine,
Centrale de Vuhlehirska,Artillerie russe,"07,07,2022",,Ukraine,
Prybuzke,Artillerie russe,"07,07,2022",,Ukraine,mykolaiv
Lymany,Artillerie russe,"07,07,2022",,Ukraine,mykolaiv
Myrne,Artillerie russe,"07,07,2022",,Ukraine,Kherson
Blahodatne,Artillerie russe,"07,07,2022",,Ukraine,
Posad-Pokrovske,Artillerie russe,"07,07,2022",,Ukraine,
Kotlyareve,Artillerie russe,"07,07,2022",,Ukraine,mykolaiv
Dobryanka,Combats,"07,07,2022",,Ukraine,
Svitlodolynske,Incident,"07,07,2022",,Russie,zaporizhia
Velyke Artakove,Combats,"08,07,2022",,Ukraine,kherson
Bohorodychne,Combats,"08,07,2022",,Ukraine,
Svitlychne,Artillerie russe,"08,07,2022",,Ukraine,Kharkiv
Slatyne,Artillerie russe,"08,07,2022",,Ukraine,
Nove,Artillerie russe,"08,07,2022",,Ukraine,
Pytomnyk,Artillerie russe,"08,07,2022",,Ukraine,
Kharkiv,Artillerie russe,"08,07,2022",,Ukraine,
Petrivka,Artillerie russe,"08,07,2022",,Ukraine,
Peremoha,Artillerie russe,"08,07,2022",,Ukraine,
Bayrak,Artillerie russe,"08,07,2022",,Ukraine,
Zamulivka,Artillerie russe,"08,07,2022",,Ukraine,
Staryi Saltiv,Artillerie russe,"08,07,2022",,Ukraine,Kharkiv
Pishchane,Artillerie russe,"08,07,2022",,Ukraine,Kharkiv
Verkhnii Saltiv,Artillerie russe,"08,07,2022",,Ukraine,
Dementiivka,Combats,"08,07,2022",,Ukraine,
Korobochkyne,Artillerie russe,"08,07,2022",,Ukraine,Kharkiv
Lebyazhe,Artillerie russe,"08,07,2022",,Ukraine,
Mospanove,Artillerie russe,"08,07,2022",,Ukraine,Kharkiv
Husarivka,Artillerie russe,"08,07,2022",,Ukraine,
Virnopillya,Artillerie russe,"08,07,2022",,Ukraine,
Chervone,Artillerie russe,"08,07,2022",,Ukraine,
Dibrovne,Artillerie russe,"08,07,2022",,Ukraine,
Mazanivka,Artillerie russe,"08,07,2022",,Ukraine,
Novopavlivka,Artillerie russe,"08,07,2022",,Ukraine,
Khrestyshche,Artillerie russe,"08,07,2022",,Ukraine,
Mazanivka,Artillerie russe,"08,07,2022",,Ukraine,
Dolyna,Artillerie russe,"08,07,2022",,Ukraine,
Krasnopillya,Artillerie russe,"08,07,2022",,Ukraine,
Tetyanivka,Artillerie russe,"08,07,2022",,Ukraine,
Kryva Luka,Artillerie russe,"08,07,2022",,Ukraine,
Sloviansk,Artillerie russe,"08,07,2022",,Ukraine,
Kramatorsk,Artillerie russe,"08,07,2022",,Ukraine,
Siversk,Artillerie russe,"08,07,2022",,Ukraine,
Verkhnokamyanske,Combats,"08,07,2022",,Ukraine,
Ivano-Daryivka,Combats,"08,07,2022",,Ukraine,
Spirne,Combats,"08,07,2022",,Ukraine,
Berestov,Artillerie russe,"08,07,2022",,Ukraine,
Pokrovske,Artillerie russe,"08,07,2022",,Ukraine,
Centrale de Vuhlehirska,Artillerie russe,"08,07,2022",,Ukraine,
New York,Artillerie russe,"08,07,2022",,Ukraine,
Vesela Dolyna,Combats,"08,07,2022",,Ukraine,Donestk
Bakhmut,Artillerie russe,"08,07,2022",,Ukraine,
Opitne,Combats,"08,07,2022",,Inconnu,Donestk
Melitopol,Artillerie Ukrainienne,"08,07,2022",,Russie,
Yasynuvata,Artillerie Ukrainienne,"08,07,2022",,Russie,
Shakhtarsk,Artillerie Ukrainienne,"08,07,2022",,Russie,Donestk
Donetsk,Artillerie Ukrainienne,"08,07,2022",,Russie,
Nova Kakhovka,Artillerie Ukrainienne,"08,07,2022",,Russie,
Sosnivka,Combats,"08,07,2022",,Ukraine,
Kupyansk,Artillerie Ukrainienne,"08,07,2022",,Russie,
Bilohorivka,Combats,"10,07,2022",,Inconnu,
Dolyna,Combats,"10,07,2022",,Ukraine,
Krasnopillya,Combats,"10,07,2022",,Ukraine,
Donetsk,Artillerie Ukrainienne,"10,07,2022",,Russie,
Laryne,Artillerie Ukrainienne,"10,07,2022",,Russie,Donestk
Ilovisk,Artillerie Ukrainienne,"10,07,2022",,Russie,Donestk
Kharsysk,Artillerie Ukrainienne,"10,07,2022",,Russie,Donestk
Shakhtarsk,Artillerie Ukrainienne,"10,07,2022",,Russie,
Chystakove,Artillerie Ukrainienne,"10,07,2022",,Russie,Donestk
Khrestivka,Artillerie Ukrainienne,"10,07,2022",,Russie,Donestk
Velyka Komyshuvakha,Artillerie russe,"10,07,2022",,Ukraine,
Virnopillya,Artillerie russe,"10,07,2022",,Ukraine,
Chervone,Artillerie russe,"10,07,2022",,Ukraine,
Nova Dmytrivka,Artillerie russe,"10,07,2022",,Ukraine,
Barvinkove,Artillerie russe,"10,07,2022",,Ukraine,
Novopavlivka,Artillerie russe,"10,07,2022",,Ukraine,Kharkiv
Nikopol,Artillerie russe,"10,07,2022",,Ukraine,
Mazanivka,Artillerie russe,"10,07,2022",,Ukraine,
Sukhivka,Artillerie russe,"10,07,2022",,Ukraine,Kharkiv
Andrivka,Artillerie russe,"10,07,2022",,Ukraine,Kharkiv
Dibrovne,Artillerie russe,"10,07,2022",,Ukraine,
Dolyna,Artillerie russe,"10,07,2022",,Ukraine,
Bohorodychne,Artillerie russe,"10,07,2022",,Ukraine,
Krasnopillya,Artillerie russe,"10,07,2022",,Ukraine,
Adamivka,Artillerie russe,"10,07,2022",,Ukraine,
Vyimka ,Artillerie russe,"10,07,2022",,Ukraine,
Pereizne,Artillerie russe,"10,07,2022",,Ukraine,
Ivano-Daryivka,Artillerie russe,"10,07,2022",,Ukraine,
Berestov,Artillerie russe,"10,07,2022",,Ukraine,
Luhanske,Artillerie russe,"10,07,2022",,Ukraine,
Kurdyumivka,Artillerie russe,"10,07,2022",,Ukraine,Donestk
Shumy,Artillerie russe,"10,07,2022",,Ukraine,
Mazanivka,Combats,"10,07,2022",,Ukraine,
Avdiyivka,Artillerie russe,"10,07,2022",,Ukraine,
Novoselivka Druha,Artillerie russe,"10,07,2022",,Ukraine,
Volodymyrivka,Artillerie russe,"10,07,2022",,Ukraine,
Alchevsk,Artillerie Ukrainienne,"10,07,2022",,Russie,
Zaliznychne,Artillerie Ukrainienne,"10,07,2022",,Russie,Donestk
Kherson,Artillerie Ukrainienne,"10,07,2022",,Russie,
Kyselivka,Combats,"10,07,2022",,Inconnu,
Zuhres,Artillerie Ukrainienne,"10,07,2022",,Russie,Donestk
Chornobaivka,Artillerie Ukrainienne,"10,07,2022",,Russie,
Chasiv Yar,Artillerie russe,"10,07,2022",,Ukraine,
Velyka Komyshuvakha,Artillerie russe,"09,07,2022",,Ukraine,
Andrivka,Artillerie russe,"09,07,2022",,Ukraine,
Virnopillya,Artillerie russe,"09,07,2022",,Ukraine,
Dibrovne,Artillerie russe,"09,07,2022",,Ukraine,
Nova Dmytrivka,Artillerie russe,"09,07,2022",,Ukraine,
Sloviansk,Artillerie russe,"09,07,2022",,Ukraine,
Krasnopillya,Artillerie russe,"09,07,2022",,Ukraine,
Bohorodychne,Artillerie russe,"09,07,2022",,Ukraine,
Mazanivka,Artillerie russe,"09,07,2022",,Ukraine,
Siversk,Artillerie russe,"09,07,2022",,Ukraine,
Serebryanka,Artillerie russe,"09,07,2022",,Ukraine,
Hryhorivka,Artillerie russe,"09,07,2022",,Ukraine,
Bilohorivka,Artillerie russe,"09,07,2022",,Ukraine,
Verkhnokamyanske,Artillerie russe,"09,07,2022",,Ukraine,
Spirne,Artillerie russe,"09,07,2022",,Ukraine,
Pereizne,Artillerie russe,"09,07,2022",,Ukraine,
Berestov,Artillerie russe,"09,07,2022",,Ukraine,
Vesele,Artillerie russe,"09,07,2022",,Ukraine,
Pokrovske,Artillerie russe,"09,07,2022",,Ukraine,
Klynove,Artillerie russe,"09,07,2022",,Ukraine,
Zaytseve,Artillerie russe,"09,07,2022",,Ukraine,
Vershyna,Artillerie russe,"09,07,2022",,Ukraine,
Centrale de Vuhlehirska,Artillerie russe,"09,07,2022",,Ukraine,
Dolyna,Combats,"09,07,2022",,Ukraine,
Marinka,Combats,"09,07,2022",,Ukraine,
Avdiyivka,Combats,"09,07,2022",,Ukraine,
